,매장이름,주소,구,브랜드,위도,경도
0,역삼아레나빌딩,서울특별시 강남구 언주로 425,서울특별시 강남구,starbucks,37.5010689,127.0430285
1,논현역사거리,서울특별시 강남구 강남대로 538,서울특별시 강남구,starbucks,37.5101814,127.0222548
2,신사역성일빌딩,서울특별시 강남구 강남대로 584,서울특별시 강남구,starbucks,37.513899,127.0206125
3,국기원사거리,서울특별시 강남구 테헤란로 125,서울특별시 강남구,starbucks,37.499549,127.0316604
4,대치재경빌딩R,서울특별시 강남구 남부순환로 2947,서울특별시 강남구,starbucks,37.4945186,127.0626332
5,봉은사역,서울특별시 강남구 봉은사로 619,서울특별시 강남구,starbucks,37.5149998,127.0631169
6,압구정윤성빌딩,서울특별시 강남구 논현로 834,서울특별시 강남구,starbucks,37.5227934,127.0286009
7,코엑스별마당,서울특별시 강남구 영동대로 513,서울특별시 강남구,starbucks,37.5101935,127.0585824
8,삼성역섬유센터R,서울특별시 강남구 테헤란로 518,서울특별시 강남구,starbucks,37.5075512,127.060561
9,압구정R,서울특별시 강남구 언주로 861,서울특별시 강남구,starbucks,37.5273669,127.0330761
10,수서역R,서울특별시 강남구 광평로 281,서울특별시 강남구,starbucks,37.4879723,127.1026505
11,양재강남빌딩R,서울특별시 강남구 남부순환로 2621,서울특별시 강남구,starbucks,37.490713,127.0586709
12,선릉동신빌딩R,서울특별시 강남구 테헤란로 409,서울특별시 강남구,starbucks,37.5053116,127.0503634
13,봉은사로선정릉,서울특별시 강남구 봉은사로 446,서울특별시 강남구,starbucks,37.5112773,127.048547
14,강남오거리,서울특별시 강남구 봉은사로2길 39,서울특별시 강남구,starbucks,37.5020667,127.0266414
15,스타필드코엑스몰R,서울특별시 강남구 영동대로 513,서울특별시 강남구,starbucks,37.5101935,127.0585824
16,강남구청정문,서울특별시 강남구 학동로 419,서울특별시 강남구,starbucks,37.5182675,127.0459628
17,도곡공원,서울특별시 강남구 도곡로 205,서울특별시 강남구,starbucks,37.493073,127.0412545
18,강남R,서울특별시 강남구 강남대로 390,서울특별시 강남구,starbucks,37.4977735,127.028536
19,대치은마사거리,서울특별시 강남구 도곡로 457,서울특별시 강남구,starbucks,37.4989728,127.060172
20,청담영동대로,서울특별시 강남구 영동대로 720,서울특별시 강남구,starbucks,37.522156,127.0564489
21,압구정,서울특별시 강남구 압구정로30길 17,서울특별시 강남구,starbucks,37.5262829,127.0295602
22,신사가로수,서울특별시 강남구 가로수길 59,서울특별시 강남구,starbucks,37.524609,127.022951
23,청담스타R,서울특별시 강남구 도산대로57길 24,서울특별시 강남구,starbucks,37.5252162,127.0418275
24,강남우성,서울특별시 강남구 강남대로 328,서울특별시 강남구,starbucks,37.4872446,127.0327813
25,학동사거리,서울특별시 강남구 도산대로 328,서울특별시 강남구,starbucks,37.52236449999999,127.0379543
26,대치사거리,서울특별시 강남구 삼성로 402,서울특별시 강남구,starbucks,37.5033312,127.0588167
27,포스코사거리,서울특별시 강남구 테헤란로 505,서울특별시 강남구,starbucks,37.5075307,127.0574271
28,을지병원사거리,서울특별시 강남구 논현로 752,서울특별시 강남구,starbucks,37.5191246,127.0286314
29,신사역,서울특별시 강남구 도산대로 108,서울특별시 강남구,starbucks,37.516159,127.020635
30,도곡역,서울특별시 강남구 남부순환로 2909,서울특별시 강남구,starbucks,37.4921442,127.0573977
31,서울세관사거리,서울특별시 강남구 언주로 650,서울특별시 강남구,starbucks,37.5148904,127.0357573
32,청담사거리,서울특별시 강남구 도산대로 458,서울특별시 강남구,starbucks,37.5236351,127.0468651
33,한티역,"서울특별시 강남구 도곡로 408,",서울특별시 강남구,starbucks,37.4964429,127.0552323
34,역삼초교사거리,서울특별시 강남구 역삼로 123,서울특별시 강남구,starbucks,37.4941005,127.0330019
35,코엑스몰,서울특별시 강남구 영동대로 513,서울특별시 강남구,starbucks,37.5101935,127.0585824
36,가로수길,"서울특별시 강남구 논현로175길 94,",서울특별시 강남구,starbucks,37.5231593,127.021625
37,역삼대로,"서울특별시 강남구 테헤란로 211,",서울특별시 강남구,starbucks,37.5045703,127.0494465
38,역삼포스코,"서울특별시 강남구 테헤란로 134,",서울특별시 강남구,starbucks,37.4993385,127.0337927
39,강남대로,"서울특별시 강남구 강남대로 456,",서울특별시 강남구,starbucks,37.50310109999999,127.0255479
40,청담,"서울특별시 강남구 도산대로 532,",서울특별시 강남구,starbucks,37.5243631,127.0515599
41,삼성도심공항,서울특별시 강남구 테헤란로87길 33,서울특별시 강남구,starbucks,37.5097863,127.0579134
42,삼성교,"서울특별시 강남구 영동대로86길 12,",서울특별시 강남구,starbucks,37.5077851,127.065174
43,학동역,서울특별시 강남구 논현로 704,서울특별시 강남구,starbucks,37.5145746,127.0307537
44,대치,서울특별시 강남구 도곡로 511,서울특별시 강남구,starbucks,37.499591,127.0622226
45,SSG마켓도곡R,"서울특별시 강남구 언주로30길 57,",서울특별시 강남구,starbucks,37.4896405,127.0545117
46,삼성,"서울특별시 강남구 테헤란로 443,",서울특별시 강남구,starbucks,37.5069114,127.0555833
47,선릉세화빌딩,서울특별시 강남구 테헤란로64길 18,서울특별시 강남구,starbucks,37.5037306,127.0511864
48,압구정역,"서울특별시 강남구 압구정로 170,",서울특별시 강남구,starbucks,37.52671960000001,127.028094
49,압구정로,서울특별시 강남구 압구정로42길 32,서울특별시 강남구,starbucks,37.5268082,127.0347226
50,구역삼사거리,서울특별시 강남구 논현로 401,서울특별시 강남구,starbucks,37.49589570000001,127.0388933
51,큰길타워,"서울특별시 강남구 테헤란로 223,",서울특별시 강남구,starbucks,37.5023634,127.0406629
52,강남구청역,"서울특별시 강남구 선릉로 669,",서울특별시 강남구,starbucks,37.5165849,127.0412433
53,대치역,서울특별시 강남구 남부순환로 2936,서울특별시 강남구,starbucks,37.4933099,127.0619031
54,포이,서울특별시 강남구 논현로 88,서울특별시 강남구,starbucks,37.4777792,127.0451187
55,아크플레이스,서울특별시 강남구 테헤란로 142,서울특별시 강남구,starbucks,37.4996847,127.0349215
56,학여울역,서울특별시 강남구 영동대로 215,서울특별시 강남구,starbucks,37.4979557,127.0685027
57,선정릉역,서울특별시 강남구 봉은사로 407,서울특별시 강남구,starbucks,37.51075489999999,127.0445597
58,삼성현대힐,서울특별시 강남구 삼성로 605,서울특별시 강남구,starbucks,37.5134507,127.0527081
59,GS타워,서울특별시 강남구 논현로 508,서울특별시 강남구,starbucks,37.5018592,127.0372776
60,압구정미소,서울특별시 강남구 논현로 841,서울특별시 강남구,starbucks,37.5240211,127.0278937
61,선릉역,"서울특별시 강남구 테헤란로 334,",서울특별시 강남구,starbucks,37.5039056,127.048515
62,코엑스사거리,서울특별시 강남구 영동대로 616,서울특별시 강남구,starbucks,37.5153516,127.0601103
63,역삼럭키,서울특별시 강남구 도곡로 183,서울특별시 강남구,starbucks,37.4921956,127.039393
64,차병원사거리,"서울특별시 강남구 봉은사로 213,",서울특별시 강남구,starbucks,37.50800400000001,127.0353584
65,청담공원,서울특별시 강남구 학동로 506,서울특별시 강남구,starbucks,37.5186549,127.0514387
66,신압구정,서울특별시 강남구 언주로174길 29,서울특별시 강남구,starbucks,37.5280809,127.0364236
67,아크로힐스논현,"서울특별시 강남구 봉은사로 304,",서울특별시 강남구,starbucks,37.5089909,127.0403621
68,강남비젼타워,"서울특별시 강남구 테헤란로2길 27,",서울특별시 강남구,starbucks,37.4964557,127.0296885
69,역삼역,"서울특별시 강남구 테헤란로 145,",서울특별시 강남구,starbucks,37.5006707,127.0351734
70,압구정로데오역,"서울특별시 강남구 선릉로 836,",서울특별시 강남구,starbucks,37.5265058,127.0405179
71,르네상스사거리,서울특별시 강남구 테헤란로 306,서울특별시 강남구,starbucks,37.5025597,127.044093
72,포스코,"서울특별시 강남구 삼성로86길 7,",서울특별시 강남구,starbucks,37.5057344,127.0579281
73,선릉로,"서울특별시 강남구 선릉로93길 22,",서울특별시 강남구,starbucks,37.5049219,127.0467242
74,논현힐탑,서울특별시 강남구 논현로 648,서울특별시 강남구,starbucks,37.5115577,127.032262
75,도산가로수길,"서울특별시 강남구 도산대로 134,",서울특별시 강남구,starbucks,37.5172519,127.0233424
76,대치한티,서울특별시 강남구 선릉로 324,서울특별시 강남구,starbucks,37.4984818,127.052066
77,수서역사거리,서울특별시 강남구 광평로 280,서울특별시 강남구,starbucks,37.4872829,127.1031088
78,코엑스아셈타워,서울특별시 강남구 영동대로 517,서울특별시 강남구,starbucks,37.5101935,127.0585824
79,센터필드R,서울특별시 강남구 테헤란로 231,서울특별시 강남구,starbucks,37.5030426,127.041588
80,도산사거리,서울특별시 강남구 언주로 727,서울특별시 강남구,starbucks,37.5195638,127.0340614
81,강남세곡,서울특별시 강남구 헌릉로569길 18,서울특별시 강남구,starbucks,37.466266,127.1167873
82,대치삼성프라자,서울특별시 강남구 영동대로 237,서울특별시 강남구,starbucks,37.5003097,127.0669613
83,강남역신분당역사,서울특별시 강남구 강남대로 396,서울특별시 강남구,starbucks,37.4981284,127.028303
84,삼성역,서울특별시 강남구 테헤란로 620,서울특별시 강남구,starbucks,37.5091596,127.0655652
85,테헤란로아남타워,서울특별시 강남구 테헤란로 311,서울특별시 강남구,starbucks,37.5037497,127.0448356
86,강남논현,서울특별시 강남구 강남대로 512,서울특별시 강남구,starbucks,37.50798899999999,127.0233263
87,삼성동,서울특별시 강남구 영동대로96길 12,서울특별시 강남구,starbucks,37.5107008,127.0635676
88,역삼이마트,서울특별시 강남구 역삼로 310,서울특별시 강남구,starbucks,37.4992239,127.048424
89,미아뉴타운,서울특별시 강북구 삼양로 161,서울특별시 강북구,starbucks,37.6183622,127.0210925
90,강북구청사거리,서울특별시 강북구 도봉로 365,서울특별시 강북구,starbucks,37.6400187,127.0273281
91,미아사거리역,서울특별시 강북구 도봉로 32,서울특별시 강북구,starbucks,37.611809,127.0306971
92,수유역,서울특별시 강북구 도봉로 342,서울특별시 강북구,starbucks,37.6380167,127.026135
93,미아역,서울특별시 강북구 도봉로 196,서울특별시 강북구,starbucks,37.6260494,127.0266005
94,파라스파라서울,서울특별시 강북구 삼양로 689,서울특별시 강북구,starbucks,37.6370282,127.0170402
95,발산역사거리,서울특별시 강서구 공항대로 248,서울특별시 강서구,starbucks,37.5533338,126.8510294
96,마곡역,서울특별시 강서구 공항대로 168,서울특별시 강서구,starbucks,37.5533338,126.8510294
97,우장산역,서울특별시 강서구 강서로 267,서울특별시 강서구,starbucks,37.5495419,126.835914
98,마곡사이언스타워R,서울특별시 강서구 마곡동로 62,서울특별시 강서구,starbucks,37.5590032,126.8343207
99,방화DT,서울특별시 강서구 방화대로 375,서울특별시 강서구,starbucks,37.5743389,126.8164145
100,마곡나루역,서울특별시 강서구 마곡중앙로 161-17,서울특별시 강서구,starbucks,37.55319679999999,126.8298352
101,마곡GMG,서울특별시 강서구 마곡중앙6로 16,서울특별시 강서구,starbucks,37.5339338,126.9908658
102,가양역,서울특별시 강서구 양천로 476,서울특별시 강서구,starbucks,37.561561,126.8532562
103,화곡DT,서울특별시 강서구 등촌로 57,서울특별시 강서구,starbucks,37.5350355,126.8631182
104,양천향교역,서울특별시 강서구 강서로 463,서울특별시 강서구,starbucks,37.5535944,126.8412653
105,화곡동,서울특별시 강서구 화곡로 142(화곡동)1522-3232,서울특별시 강서구,starbucks,37.5405337,126.8375885
106,등촌,서울특별시 강서구 공항대로 329,서울특별시 강서구,starbucks,37.5582043,126.8443392
107,염창역,서울특별시 강서구 공항대로 627,서울특별시 강서구,starbucks,37.547251,126.8745264
108,발산역,서울특별시 강서구 강서로 388,서울특별시 강서구,starbucks,37.5601723,126.8393026
109,까치산역,서울특별시 강서구 강서로13길 3,서울특별시 강서구,starbucks,37.5316073,126.8454041
110,화곡역8번출구,서울특별시 강서구 강서로 179,서울특별시 강서구,starbucks,37.5423366,126.8393178
111,강서우장산,서울특별시 강서구 강서로 231,서울특별시 강서구,starbucks,37.5535944,126.8412653
112,등촌대로,서울특별시 강서구 공항대로 543,서울특별시 강서구,starbucks,37.5533338,126.8510294
113,가양역사거리,서울특별시 강서구 화곡로 416,서울특별시 강서구,starbucks,37.559882,126.8553509
114,내발산,서울특별시 강서구 강서로 323,서울특별시 강서구,starbucks,37.5545849,126.8363641
115,마곡웰튼,서울특별시 강서구 마곡중앙5로 22,서울특별시 강서구,starbucks,37.564979,126.827427
116,김포공항DT,서울특별시 강서구 개화동로 517,서울특별시 강서구,starbucks,37.5703721,126.8030747
117,강서NC,서울특별시 강서구 강서로56길 17,서울특별시 강서구,starbucks,37.55990389999999,126.8405122
118,마곡나루공원,서울특별시 강서구 마곡중앙5로 47,서울특별시 강서구,starbucks,37.564979,126.827427
119,강서구청사거리,서울특별시 강서구 화곡로 350,서울특별시 강서구,starbucks,37.5547254,126.8520968
120,낙성대역,서울특별시 관악구 남부순환로 1908,서울특별시 관악구,starbucks,37.4776649,126.9611926
121,관악서울대입구R,서울특별시 관악구 관악로 158,서울특별시 관악구,starbucks,37.4792703,126.9527981
122,신림DT,서울특별시 관악구 남부순환로 1419,서울특별시 관악구,starbucks,37.4809346,126.9084069
123,서울대역,서울특별시 관악구 남부순환로 1817,서울특별시 관악구,starbucks,37.4815987,126.9522003
124,낙성대DT,서울특별시 관악구 남부순환로 1948,서울특별시 관악구,starbucks,37.4761693,126.9650053
125,사당,서울특별시 관악구 남부순환로 2082-251522-3232,서울특별시 관악구,starbucks,37.47600910000001,126.9809985
126,보라매대교,서울특별시 관악구 보라매로3길 23,서울특별시 관악구,starbucks,37.4909895,126.9255211
127,신림사거리,서울특별시 관악구 남부순환로 1619,서울특별시 관악구,starbucks,37.4846038,126.9304905
128,신림,서울특별시 관악구 신림로 355-1,서울특별시 관악구,starbucks,37.48605870000001,126.9291581
129,신림타임스트림,서울특별시 관악구 신림로 330,서울특별시 관악구,starbucks,37.4838158,126.9302315
130,서울대입구역,서울특별시 관악구 남부순환로 1812,서울특별시 관악구,starbucks,37.4811125,126.9513217
131,봉천역,서울특별시 관악구 남부순환로 1730,서울특별시 관악구,starbucks,37.4820227,126.9422444
132,건국대,서울특별시 광진구 능동로 117,서울특별시 광진구,starbucks,37.5415592,127.0711244
133,어린이대공원역,서울특별시 광진구 능동로 243,서울특별시 광진구,starbucks,37.5518888,127.0764093
134,아차산역,서울특별시 광진구 천호대로 676,서울특별시 광진구,starbucks,37.5506271,127.0899534
135,올림픽대교북단,서울특별시 광진구 광나루로 608,서울특별시 광진구,starbucks,37.5411292,127.0952402
136,구의DT,서울특별시 광진구 광나루로 519,서울특별시 광진구,starbucks,37.545357,127.0871714
137,자양사거리,서울특별시 광진구 아차산로 3551522-3232,서울특별시 광진구,starbucks,37.5417175,127.0873849
138,군자역,서울특별시 광진구 천호대로 548,서울특별시 광진구,starbucks,37.5566812,127.0789171
139,광나루,"서울특별시 광진구 아차산로 607,",서울특별시 광진구,starbucks,37.5473667,127.106064
140,건대스타시티,서울특별시 광진구 아차산로 262,서울특별시 광진구,starbucks,37.5376127,127.0726183
141,자양,서울특별시 광진구 능동로 50,서울특별시 광진구,starbucks,37.5354769,127.0691462
142,건대입구,서울특별시 광진구 능동로 107,서울특별시 광진구,starbucks,37.5406604,127.0707225
143,구의역,서울특별시 광진구 아차산로 373,서울특별시 광진구,starbucks,37.5369745,127.0840194
144,광장,서울특별시 광진구 아차산로 537-17,서울특별시 광진구,starbucks,37.5435747,127.098782
145,건국클래식,서울특별시 광진구 능동로 90,서울특별시 광진구,starbucks,37.5387765,127.0710831
146,건대후문,서울특별시 광진구 능동로 172,서울특별시 광진구,starbucks,37.5458252,127.073698
147,중곡역,서울특별시 광진구 능동로 400,서울특별시 광진구,starbucks,37.5486706,127.0759024
148,자양이마트,서울특별시 광진구 아차산로 272,서울특별시 광진구,starbucks,37.5376127,127.0726183
149,뚝섬유원지역,서울특별시 광진구 능동로 18,서울특별시 광진구,starbucks,37.5325759,127.0679308
150,군자사거리,서울특별시 광진구 천호대로 549,서울특별시 광진구,starbucks,37.5575666,127.079334
151,금천구청역,서울특별시 금천구 시흥대로73길 67,서울특별시 금천구,starbucks,37.4568736,126.8978
152,가산에스케이,서울특별시 금천구 가산디지털1로 171,서울특별시 금천구,starbucks,37.4806318,126.8805702
153,독산사거리,서울특별시 금천구 시흥대로 426,서울특별시 금천구,starbucks,37.4715113,126.8987752
154,금천시흥,서울특별시 금천구 시흥대로 164,서울특별시 금천구,starbucks,37.4488601,126.903246
155,가산디지털단지역,서울특별시 금천구 벚꽃로 298,서울특별시 금천구,starbucks,37.4813244,126.8837789
156,금천독산,서울특별시 금천구 두산로 70,서울특별시 금천구,starbucks,37.4704162,126.8920672
157,가산디지털,서울특별시 금천구 가산디지털1로 168,서울특별시 금천구,starbucks,37.4798346,126.8824997
158,W-Mall,서울특별시 금천구 디지털로 188,서울특별시 금천구,starbucks,37.4773244,126.8877548
159,마리오아울렛,서울특별시 금천구 벚꽃로 266,서울특별시 금천구,starbucks,37.4785992,126.8851547
160,가산브이타워,서울특별시 금천구 가산디지털1로 128,서울특별시 금천구,starbucks,37.4771592,126.8837142
161,가산그레이트,"서울특별시 금천구 디지털로9길 32,",서울특별시 금천구,starbucks,37.4794491,126.8874768
162,독산역,서울특별시 금천구 가산디지털1로 16,서울특별시 금천구,starbucks,37.4676446,126.8876698
163,가산현대아울렛,서울특별시 금천구 디지털로10길 9,서울특별시 금천구,starbucks,37.4773564,126.8891438
164,월계역,"서울특별시 노원구 초안산로2라길26 월계동(104,105,106호)1522-3232",서울특별시 노원구,starbucks,37.63115310000001,127.0577021
165,월계트레이더스,서울특별시 노원구 마들로3길 15,서울특별시 노원구,starbucks,37.62644,127.0619091
166,상계초교사거리,서울특별시 노원구 노원로 449,서울특별시 노원구,starbucks,37.6460967,127.0712379
167,공릉DT,서울특별시 노원구 동일로 1015,서울특별시 노원구,starbucks,37.6206884,127.0743116
168,노원마들역,서울특별시 노원구 노원로 569,서울특별시 노원구,starbucks,37.6606791,127.057048
169,공릉역,서울특별시 노원구 동일로 1081,서울특별시 노원구,starbucks,37.626337,127.0722523
170,은행사거리,"서울특별시 노원구 중계로 217,",서울특별시 노원구,starbucks,37.6504634,127.0759752
171,노원KT,"서울특별시 노원구 노해로 502,",서울특별시 노원구,starbucks,37.6543814,127.0636656
172,광운대,서울특별시 노원구 석계로 104,서울특별시 노원구,starbucks,37.6231479,127.0607009
173,중계역,"서울특별시 노원구 동일로 1339,",서울특별시 노원구,starbucks,37.6481244,127.0621656
174,노원역,서울특별시 노원구 동일로 1413,서울특별시 노원구,starbucks,37.6547298,127.0600029
175,월계이마트,서울특별시 노원구 마들로3길 15,서울특별시 노원구,starbucks,37.62644,127.0619091
176,태릉입구역DT,서울특별시 노원구 화랑로 469,서울특별시 노원구,starbucks,37.619211,127.0792994
177,노원상계,서울특별시 노원구 동일로215길 2,서울특별시 노원구,starbucks,37.6508891,127.0580818
178,창동이마트,서울특별시 도봉구 노해로65길 4,서울특별시 도봉구,starbucks,37.6516821,127.046933
179,쌍문역,서울특별시 도봉구 도봉로 480,서울특별시 도봉구,starbucks,37.6483224,127.0348734
180,쌍문도봉로,서울특별시 도봉구 도봉로 444,서울특별시 도봉구,starbucks,37.6453516,127.0331011
181,방학역,서울특별시 도봉구 도봉로 684,서울특별시 도봉구,starbucks,37.6653669,127.0434778
182,노량진동,서울특별시 동작구 노량진로 190,서울특별시 동작구,starbucks,37.5130951,126.9469753
183,남성역,서울특별시 동작구 사당로 219,서울특별시 동작구,starbucks,37.4841211,126.9726489
184,상도역,서울특별시 동작구 상도로37길 1,서울특별시 동작구,starbucks,37.5031939,126.9484286
185,보라매공원R,서울특별시 동작구 보라매로5길 35,서울특별시 동작구,starbucks,37.4920496,126.9234976
186,이수자이,서울특별시 동작구 사당로 300,서울특별시 동작구,starbucks,37.4843975,126.9804278
187,노량진역,서울특별시 동작구 노량진로 134,서울특별시 동작구,starbucks,37.5129475,126.9416654
188,신대방삼거리역,서울특별시 동작구 상도로 102,서울특별시 동작구,starbucks,37.4999142,126.9317661
189,중앙대,서울특별시 동작구 흑석로 75-1,서울특별시 동작구,starbucks,37.5069327,126.9581247
190,숭실대입구역,서울특별시 동작구 상도로 354,서울특별시 동작구,starbucks,37.4968346,126.9527123
191,숭실대,서울특별시 동작구 사당로 4,서울특별시 동작구,starbucks,37.4953631,126.9548386
192,사당역,"서울특별시 동작구 동작대로 21,",서울특별시 동작구,starbucks,37.4784593,126.9813316
193,서강대프라자,서울특별시 마포구 백범로 35,서울특별시 마포구,starbucks,37.5513353,126.9407371
194,상암YTN,서울특별시 마포구 상암산로 76,서울특별시 마포구,starbucks,37.5784516,126.8915392
195,마포용강동,서울특별시 마포구 토정로 295,서울특별시 마포구,starbucks,37.5411857,126.9422092
196,홍대입구역사거리R,서울특별시 마포구 양화로 125,서울특별시 마포구,starbucks,37.5546884,126.9202895
197,마포경찰서후문,서울특별시 마포구 마포대로 173-14,서울특별시 마포구,starbucks,37.5498579,126.9544187
198,공덕,서울특별시 마포구 마포대로 130,서울특별시 마포구,starbucks,37.5459128,126.9529563
199,합정폴리스R,서울특별시 마포구 양화로 45,서울특별시 마포구,starbucks,37.5489656,126.9134767
200,홍대공항철도역,서울특별시 마포구 양화로 178,서울특별시 마포구,starbucks,37.5574123,126.9254305
201,마포염리,서울특별시 마포구 독막로 311,서울특별시 마포구,starbucks,37.5438755,126.9476798
202,서강광흥창역,서울특별시 마포구 서강로 69,서울특별시 마포구,starbucks,37.5493766,126.9316559
203,합정,서울특별시 마포구 월드컵로1길 14,서울특별시 마포구,starbucks,37.5495927,126.9121968
204,서강대흥역,서울특별시 마포구 백범로 89-5,서울특별시 마포구,starbucks,37.548298,126.9415507
205,서교동사거리,서울특별시 마포구 양화로 105,서울특별시 마포구,starbucks,37.5533761,126.9185644
206,상암사보이시티,서울특별시 마포구 월드컵북로54길 17,서울특별시 마포구,starbucks,37.5806359,126.88893
207,신촌오거리,서울특별시 마포구 신촌로16길 10,서울특별시 마포구,starbucks,37.555138,126.9346633
208,상암디지털큐브,서울특별시 마포구 상암산로 341522-3232,서울특별시 마포구,starbucks,37.5784516,126.8915392
209,상수역,서울특별시 마포구 독막로 88,서울특별시 마포구,starbucks,37.5474817,126.9232158
210,공덕오거리,서울특별시 마포구 마포대로 86,서울특별시 마포구,starbucks,37.5424641,126.9505773
211,서강대,서울특별시 마포구 백범로 23,서울특별시 마포구,starbucks,37.5524589,126.9378262
212,상암MBC,서울특별시 마포구 성암로 267,서울특별시 마포구,starbucks,37.5740931,126.9035854
213,홍대역,"서울특별시 마포구 양화로 165,",서울특별시 마포구,starbucks,37.5571506,126.923603
214,동교,"서울특별시 마포구 월드컵북로 22,",서울특별시 마포구,starbucks,37.5568085,126.9199839
215,애오개역,"서울특별시 마포구 마포대로 201,",서울특별시 마포구,starbucks,37.5521804,126.9554999
216,상암DMC,"서울특별시 마포구 월드컵북로 375,",서울특별시 마포구,starbucks,37.5773051,126.8906358
217,마포일진빌딩,"서울특별시 마포구 마포대로 45,",서울특별시 마포구,starbucks,37.5404326,126.9463602
218,마포아크로,서울특별시 마포구 마포대로 68,서울특별시 마포구,starbucks,37.5412413,126.9489446
219,홍대삼거리,서울특별시 마포구 와우산로 64,서울특별시 마포구,starbucks,37.5501805,126.9232392
220,망원역,서울특별시 마포구 월드컵로 74,서울특별시 마포구,starbucks,37.5557302,126.9106996
221,마포이마트,서울특별시 마포구 백범로 212,서울특별시 마포구,starbucks,37.5424268,126.9533694
222,합정메세나몰,서울특별시 마포구 양화로 45,서울특별시 마포구,starbucks,37.5489656,126.9134767
223,아현역대로,서울특별시 마포구 신촌로 262,서울특별시 마포구,starbucks,37.5570273,126.9548041
224,디지털미디어시티역,서울특별시 마포구 성암로 179,서울특별시 마포구,starbucks,37.5760678,126.8986082
225,홍대역8번출구,서울특별시 마포구 양화로 166,서울특별시 마포구,starbucks,37.5567005,126.9241437
226,합정푸르지오,서울특별시 마포구 월드컵로3길 14,서울특별시 마포구,starbucks,37.5499618,126.9103649
227,망원한강공원,서울특별시 마포구 마포나루길 435,서울특별시 마포구,starbucks,37.5546098,126.8957099
228,가재울뉴타운,서울특별시 서대문구 가재울미래로 2,서울특별시 서대문구,starbucks,37.5791158,126.9367789
229,남가좌사거리,서울특별시 서대문구 거북골로 84,서울특별시 서대문구,starbucks,37.5765117,126.9197277
230,신촌역,서울특별시 서대문구 신촌로 73,서울특별시 서대문구,starbucks,37.5562647,126.9345138
231,연희동,서울특별시 서대문구 연희로 97,서울특별시 서대문구,starbucks,37.5667633,126.9305031
232,아현역,서울특별시 서대문구 신촌로35길 10,서울특별시 서대문구,starbucks,37.5577978,126.9554328
233,홍제역,서울특별시 서대문구 통일로 451,서울특별시 서대문구,starbucks,37.5886324,126.943832
234,연세백양로,서울특별시 서대문구 연세로 50,서울특별시 서대문구,starbucks,37.564089,126.9389809
235,연희DT,서울특별시 서대문구 연희로 144,서울특별시 서대문구,starbucks,37.5701185,126.9338591
236,경기대,서울특별시 서대문구 충정로 53,서울특별시 서대문구,starbucks,37.5637129,126.9646194
237,신촌,서울특별시 서대문구 연세로 10-1,서울특별시 서대문구,starbucks,37.5564503,126.9371086
238,이대R,서울특별시 서대문구 이화여대길 34,서울특별시 서대문구,starbucks,37.5583821,126.9459524
239,연세종합관,"서울특별시 서대문구 연세로 50,",서울특별시 서대문구,starbucks,37.564089,126.9389809
240,이대ECC,서울특별시 서대문구 이화여대길 52,서울특별시 서대문구,starbucks,37.5642551,126.9503079
241,연대,서울특별시 서대문구 연세로 35,서울특별시 서대문구,starbucks,37.5586875,126.9366988
242,신촌아트레온,서울특별시 서대문구 신촌로 129,서울특별시 서대문구,starbucks,37.5564819,126.940327
243,충정로역,서울특별시 서대문구 충정로 231522-3232,서울특별시 서대문구,starbucks,37.5627988,126.9647478
244,연대동문,서울특별시 서대문구 성산로 565,서울특별시 서대문구,starbucks,37.566388,126.9462765
245,신촌명물거리,"서울특별시 서대문구 명물길 24,",서울특별시 서대문구,starbucks,37.5577614,126.9381244
246,충정타워,"서울특별시 서대문구 서소문로 21,",서울특별시 서대문구,starbucks,37.5598507,126.964065
247,북가좌DT,서울특별시 서대문구 응암로 85,서울특별시 서대문구,starbucks,37.5809257,126.9117019
248,현대신촌,서울특별시 서대문구 신촌로 83,서울특별시 서대문구,starbucks,37.5560736,126.9357977
249,방배로,서울특별시 서초구 방배로 52,서울특별시 서초구,starbucks,37.4794494,126.9993484
250,강남교보타워R,서울특별시 서초구 강남대로 465,서울특별시 서초구,starbucks,37.5037208,127.0240967
251,방배다이치빌딩,서울특별시 서초구 방배로 114,서울특별시 서초구,starbucks,37.4843008,126.9960781
252,센트럴F1,서울특별시 서초구 신반포로 176,서울특별시 서초구,starbucks,37.5041299,127.0030692
253,서초역이화빌딩,서울특별시 서초구 반포대로21길 3,서울특별시 서초구,starbucks,37.4882539,127.0090099
254,서초구청,서울특별시 서초구 남부순환로 2557,서울특별시 서초구,starbucks,37.4844008,127.0300468
255,서초우성사거리,서울특별시 서초구 강남대로 343,서울특별시 서초구,starbucks,37.4934821,127.0292328
256,이수역사거리,서울특별시 서초구 서초대로 3-4,서울특별시 서초구,starbucks,37.4860394,126.9830638
257,강남대로신사,서울특별시 서초구 강남대로 595,서울특별시 서초구,starbucks,37.5148246,127.01945
258,서울고속터미널,서울특별시 서초구 신반포로 194,서울특별시 서초구,starbucks,37.5054942,127.006719
259,강남대로논현R,서울특별시 서초구 강남대로85길 5,서울특별시 서초구,starbucks,37.5073277,127.0225816
260,방배,서울특별시 서초구 방배로 2111522-3232,서울특별시 서초구,starbucks,37.4866882,126.9948792
261,방배카페거리,서울특별시 서초구 방배중앙로 162,서울특별시 서초구,starbucks,37.4934767,126.9865297
262,서초법원,서울특별시 서초구 서초대로 274,서울특별시 서초구,starbucks,37.4927671,127.0117898
263,청계산입구역,서울특별시 서초구 청계산로 203,서울특별시 서초구,starbucks,37.4473672,127.0553225
264,사당로데오,서울특별시 서초구 방배천로 5-4(방배동)1522-3232,서울특별시 서초구,starbucks,37.4772752,126.9821605
265,파미에파크R,서울특별시 서초구 사평대로 205,서울특별시 서초구,starbucks,37.5044253,127.0077601
266,교대역,서울특별시 서초구 서초중앙로 138,서울특별시 서초구,starbucks,37.4942069,127.0139398
267,양재역,서울특별시 서초구 강남대로 202,서울특별시 서초구,starbucks,37.4822885,127.0368492
268,논현역,서울특별시 서초구 강남대로 557,서울특별시 서초구,starbucks,37.51162010000001,127.0205982
269,이수역,서울특별시 서초구 동작대로 112,서울특별시 서초구,starbucks,37.4864664,126.9827403
270,내방역,서울특별시 서초구 방배로 184,서울특별시 서초구,starbucks,37.4899917,126.9924614
271,서초파라곤,서울특별시 서초구 서초대로74길 29,서울특별시 서초구,starbucks,37.4949034,127.0274129
272,서울아트센터,서울특별시 서초구 남부순환로 2395,서울특별시 서초구,starbucks,37.4806256,127.0123511
273,서초중앙로,서울특별시 서초구 서초중앙로 2251522-3232,서울특별시 서초구,starbucks,37.4933118,127.0145415
274,센트럴시티,서울특별시 서초구 신반포로 176,서울특별시 서초구,starbucks,37.5041299,127.0030692
275,강남삼성타운,서울특별시 서초구 서초대로78길 24,서울특별시 서초구,starbucks,37.4955152,127.027742
276,방배역,서울특별시 서초구 방배로 84,서울특별시 서초구,starbucks,37.48193,126.9976464
277,반포역,서울특별시 서초구 신반포로 257,서울특별시 서초구,starbucks,37.5094191,127.0130498
278,남부터미널,"서울특별시 서초구 서초중앙로 26,",서울특별시 서초구,starbucks,37.4846243,127.0169762
279,뉴코아강남,서울특별시 서초구 잠원로 69,서울특별시 서초구,starbucks,37.5102313,127.0069616
280,강남2,"서울특별시 서초구 서초대로77길 27,",서울특별시 서초구,starbucks,37.5000875,127.0254909
281,교대,서울특별시 서초구 서초중앙로 118,서울특별시 서초구,starbucks,37.4923513,127.0142164
282,하이브랜드,"서울특별시 서초구 매헌로 16,",서울특별시 서초구,starbucks,37.4629528,127.0369582
283,신논현역,서울특별시 서초구 강남대로 483,서울특별시 서초구,starbucks,37.5053019,127.0236395
284,영동2교,"서울특별시 서초구 논현로 139,",서울특별시 서초구,starbucks,37.481962,127.0425724
285,남부터미널2,서울특별시 서초구 효령로 274,서울특별시 서초구,starbucks,37.4843561,127.0142016
286,서래마을입구,서울특별시 서초구 서래로 48,서울특별시 서초구,starbucks,37.49922970000001,126.9985484
287,몬테소리,서울특별시 서초구 강남대로 399,서울특별시 서초구,starbucks,37.4982126,127.0268238
288,서초역,서울특별시 서초구 반포대로 118,서울특별시 서초구,starbucks,37.4906229,127.0085975
289,교대법원,서울특별시 서초구 서초중앙로 164,서울특별시 서초구,starbucks,37.4963206,127.0133771
290,강남GT타워,"서울특별시 서초구 서초대로 411,",서울특별시 서초구,starbucks,37.4977803,127.0261927
291,서초동,"서울특별시 서초구 남부순환로339길 64,",서울특별시 서초구,starbucks,37.4858915,127.0215742
292,서울교대,"서울특별시 서초구 서초중앙로 64,",서울특별시 서초구,starbucks,37.4873998,127.0151589
293,강남에비뉴,"서울특별시 서초구 서초대로77길 62,",서울특별시 서초구,starbucks,37.5006226,127.0253673
294,반포자이,서울특별시 서초구 잠원로 24,서울특별시 서초구,starbucks,37.5071093,127.0098804
295,서이초교사거리,서울특별시 서초구 사임당로 143,서울특별시 서초구,starbucks,37.4918146,127.0252252
296,서울웨이브아트센터,서울특별시 서초구 잠원로 145-35,서울특별시 서초구,starbucks,37.5160915,127.0088681
297,길음역,서울특별시 성북구 정릉로 376,서울특별시 성북구,starbucks,37.6019694,127.0252982
298,미아이마트,서울특별시 성북구 도봉로 17,서울특별시 성북구,starbucks,37.6108648,127.0296051
299,종암DT,서울특별시 성북구 종암로 17,서울특별시 성북구,starbucks,37.5919525,127.0360401
300,미아,서울특별시 성북구 동소문로 314,서울특별시 성북구,starbucks,37.6075807,127.0293034
301,성신여대정문,서울특별시 성북구 보문로34길 62,서울특별시 성북구,starbucks,37.5908044,127.0188447
302,종암,서울특별시 성북구 종암로 122,서울특별시 성북구,starbucks,37.6011247,127.0338991
303,삼선교,서울특별시 성북구 동소문로 10,서울특별시 성북구,starbucks,37.588696,127.0073207
304,월곡역,"서울특별시 성북구 화랑로 76,",서울특별시 성북구,starbucks,37.6017142,127.0404475
305,고대,서울특별시 성북구 고려대로24길 51,서울특별시 성북구,starbucks,37.59040299999999,127.035926
306,현대미아,서울특별시 성북구 동소문로 315,서울특별시 성북구,starbucks,37.6083223,127.0287626
307,성신여대,서울특별시 성북구 동소문로24길 12,서울특별시 성북구,starbucks,37.5931137,127.0184022
308,안암역,서울특별시 성북구 고려대로 102-2,서울특별시 성북구,starbucks,37.59040299999999,127.035926
309,한성대입구역,서울특별시 성북구 성북로 11,서울특별시 성북구,starbucks,37.5889972,127.0048925
310,고대안암병원,서울특별시 성북구 고려대로 73,서울특별시 성북구,starbucks,37.59040299999999,127.035926
311,장위뉴타운,서울특별시 성북구 장월로38길 4,서울특별시 성북구,starbucks,37.6177332,127.0532647
312,송파나루역DT,서울특별시 송파구 오금로 142,서울특별시 송파구,starbucks,37.5107933,127.1102658
313,송파헬리오시티,서울특별시 송파구 송파대로 345,서울특별시 송파구,starbucks,37.4976866,127.1066825
314,잠실시그마타워,서울특별시 송파구 올림픽로 289,서울특별시 송파구,starbucks,37.5145667,127.1024928
315,문정법원로R,서울특별시 송파구 송파대로 201,서울특별시 송파구,starbucks,37.4856859,127.1193237
316,송파개롱역,서울특별시 송파구 오금로 420,서울특별시 송파구,starbucks,37.4969567,127.1362521
317,문정하비오,서울특별시 송파구 송파대로 111,서울특별시 송파구,starbucks,37.4856859,127.1193237
318,문정역,서울특별시 송파구 송파대로 167,서울특별시 송파구,starbucks,37.4856859,127.1193237
319,잠실대교남단R,서울특별시 송파구 송파대로 570,서울특별시 송파구,starbucks,37.4856859,127.1193237
320,송파위례,서울특별시 송파구 위례광장로 230,서울특별시 송파구,starbucks,37.4850892,127.1332182
321,송파방이DT,서울특별시 송파구 오금로 241,서울특별시 송파구,starbucks,37.5065478,127.1205263
322,올림픽평화의문,서울특별시 송파구 위례성대로 38,서울특별시 송파구,starbucks,37.5156426,127.1164819
323,송파아이파크,서울특별시 송파구 법원로 55,서울특별시 송파구,starbucks,37.4941097,127.0106092
324,송파사거리,서울특별시 송파구 송파대로 386,서울특별시 송파구,starbucks,37.5022465,127.1103401
325,석촌서호,서울특별시 송파구 석촌호수로 176,서울특별시 송파구,starbucks,37.50633510000001,127.0962937
326,문정로데오,서울특별시 송파구 동남로 141,서울특별시 송파구,starbucks,37.491868,127.1262565
327,올림픽훼미리,서울특별시 송파구 중대로 68,서울특별시 송파구,starbucks,37.4915118,127.1164066
328,올림픽공원남문,서울특별시 송파구 위례성대로 102,서울특별시 송파구,starbucks,37.5132916,127.123111
329,방이역,"서울특별시 송파구 마천로 53,",서울특별시 송파구,starbucks,37.5085169,127.1266393
330,석촌호수,서울특별시 송파구 석촌호수로 262,서울특별시 송파구,starbucks,37.5094027,127.1052218
331,잠실푸르지오월드,"서울특별시 송파구 올림픽로35가길 9,",서울특별시 송파구,starbucks,37.5213517,127.1026097
332,잠실새내역,서울특별시 송파구 올림픽로 96,서울특별시 송파구,starbucks,37.5114268,127.0812007
333,잠실역,서울특별시 송파구 송파대로 562,서울특별시 송파구,starbucks,37.5152717,127.0994664
334,갤러리아팰리스,"서울특별시 송파구 올림픽로 212,",서울특별시 송파구,starbucks,37.5110067,127.0940034
335,아시아선수촌,서울특별시 송파구 백제고분로 69,서울특별시 송파구,starbucks,37.5104935,127.0790257
336,올림픽아파트,서울특별시 송파구 양재대로 1220,서울특별시 송파구,starbucks,37.50885,127.1247641
337,가락본동,서울특별시 송파구 송파대로30길 13,서울특별시 송파구,starbucks,37.4948203,127.1187978
338,석촌역,"서울특별시 송파구 백제고분로 358,",서울특별시 송파구,starbucks,37.5042626,127.1061077
339,가락시장역,"서울특별시 송파구 중대로 121,",서울특별시 송파구,starbucks,37.4943071,127.121397
340,가든파이브,서울특별시 송파구 충민로 10,서울특별시 송파구,starbucks,37.4782316,127.1193703
341,송파NC,서울특별시 송파구 충민로 66,서울특별시 송파구,starbucks,37.4775778,127.1249983
342,송파거여역,서울특별시 송파구 오금로 493,서울특별시 송파구,starbucks,37.4935939,127.143672
343,몽촌토성역,서울특별시 송파구 위례성대로 6,서울특별시 송파구,starbucks,37.5168051,127.1131356
344,송파KT,서울특별시 송파구 잠실로 209,서울특별시 송파구,starbucks,37.5130506,127.0915464
345,송파마천사거리DT,서울특별시 송파구 거마로 78,서울특별시 송파구,starbucks,37.49964,127.1476597
346,목동파리공원,서울특별시 양천구 목동동로 377,서울특별시 양천구,starbucks,37.5352957,126.8788394
347,등촌역,서울특별시 양천구 공항대로 566,서울특별시 양천구,starbucks,37.5488905,126.8680693
348,목동행복한,서울특별시 양천구 목동동로 309,서울특별시 양천구,starbucks,37.5291722,126.8759793
349,신정DT,서울특별시 양천구 신월로 341,서울특별시 양천구,starbucks,37.5198014,126.8487425
350,목동역,서울특별시 양천구 목동로 203,서울특별시 양천구,starbucks,37.5266578,126.8637816
351,목동오목로,서울특별시 양천구 오목로 279,서울특별시 양천구,starbucks,37.5259231,126.868438
352,목동8단지,서울특별시 양천구 목동서로 299,서울특별시 양천구,starbucks,37.520518,126.8688409
353,오목교역,서울특별시 양천구 오목로 354,서울특별시 양천구,starbucks,37.5245067,126.862375
354,신월IC DT,서울특별시 양천구 남부순환로 430,서울특별시 양천구,starbucks,37.5293911,126.8320559
355,목동7단지,서울특별시 양천구 목동서로 213,서울특별시 양천구,starbucks,37.5279765,126.8706029
356,목동5단지,"서울특별시 양천구 목동동로 411,",서울특별시 양천구,starbucks,37.5366864,126.8822017
357,목동,서울특별시 양천구 목동서로 67,서울특별시 양천구,starbucks,37.5363389,126.878533
358,현대목동,서울특별시 양천구 목동동로 257,서울특별시 양천구,starbucks,37.5268253,126.8749782
359,목동파라곤,"서울특별시 양천구 목동서로 155,",서울특별시 양천구,starbucks,37.5293136,126.8751264
360,목동트라팰리스,서울특별시 양천구 오목로 299,서울특별시 양천구,starbucks,37.5257763,126.8703272
361,목동10단지,서울특별시 양천구 목동서로 401,서울특별시 양천구,starbucks,37.5153689,126.8595955
362,신월동DT,서울특별시 양천구 남부순환로 319,서울특별시 양천구,starbucks,37.5382715,126.8271345
363,타임스퀘어R,서울특별시 영등포구 영중로 15,서울특별시 영등포구,starbucks,37.517007,126.9041419
364,샛강역,서울특별시 영등포구 여의대방로 376,서울특별시 영등포구,starbucks,37.5035749,126.9192153
365,영등포역,서울특별시 영등포구 경인로 870,서울특별시 영등포구,starbucks,37.5169614,126.909139
366,당산대로,서울특별시 영등포구 양평로 22,서울특별시 영등포구,starbucks,37.5331208,126.9038043
367,여의도IFC몰(L1)R,서울특별시 영등포구 국제금융로 10,서울특별시 영등포구,starbucks,37.5249367,126.9252845
368,여의도KBS R,서울특별시 영등포구 의사당대로 26,서울특별시 영등포구,starbucks,37.5265758,126.9181878
369,여의도화재보험,서울특별시 영등포구 국제금융로6길 38,서울특별시 영등포구,starbucks,37.5213452,126.9259819
370,국회대로,서울특별시 영등포구 국회대로 786,서울특별시 영등포구,starbucks,37.53026,126.9195488
371,영등포KT,서울특별시 영등포구 영중로 119,서울특별시 영등포구,starbucks,37.5267921,126.9047058
372,여의도공원R,서울특별시 영등포구 여의공원로 101,서울특별시 영등포구,starbucks,37.5292309,126.9248721
373,국회의사당역,서울특별시 영등포구 의사당대로 8,서울특별시 영등포구,starbucks,37.5278307,126.9168822
374,선유도역,서울특별시 영등포구 양평로 115,서울특별시 영등포구,starbucks,37.537268,126.8945943
375,여의도역R,서울특별시 영등포구 의사당대로 83,서울특별시 영등포구,starbucks,37.5233278,126.9234386
376,선유동이레빌딩,서울특별시 영등포구 선유동2로 57,서울특별시 영등포구,starbucks,37.5339752,126.8970619
377,동여의도,서울특별시 영등포구 국제금융로 86,서울특별시 영등포구,starbucks,37.51990929999999,126.9317832
378,여의도ABL타워,서울특별시 영등포구 의사당대로 147,서울특별시 영등포구,starbucks,37.5187813,126.9278117
379,영등포신길,서울특별시 영등포구 신길로 137,서울특별시 영등포구,starbucks,37.50455729999999,126.9100739
380,문래역,서울특별시 영등포구 당산로 34,서울특별시 영등포구,starbucks,37.517425,126.8964798
381,당산,서울특별시 영등포구 양평로 64,서울특별시 영등포구,starbucks,37.5350961,126.8999555
382,여의도한양증권,서울특별시 영등포구 국제금융로6길 7,서울특별시 영등포구,starbucks,37.52236550000001,126.9290942
383,여의도일신,서울특별시 영등포구 은행로 11,서울특별시 영등포구,starbucks,37.5278712,126.9202202
384,신세계타임스퀘어B2,"서울특별시 영등포구 영중로 9,",서울특별시 영등포구,starbucks,37.5171482,126.9055629
385,하이테크시티,서울특별시 영등포구 경인로 775,서울특별시 영등포구,starbucks,37.51466569999999,126.8984728
386,여의도,서울특별시 영등포구 국제금융로2길 28,서울특별시 영등포구,starbucks,37.5240419,126.9244816
387,롯데캐슬여의도,서울특별시 영등포구 의사당대로 127,서울특별시 영등포구,starbucks,37.5201371,126.9263986
388,문래동,"서울특별시 영등포구 선유로 64,",서울특별시 영등포구,starbucks,37.5196292,126.8896882
389,신세계타임스퀘어1F,"서울특별시 영등포구 영중로 9,",서울특별시 영등포구,starbucks,37.5171482,126.9055629
390,여의도호성,"서울특별시 영등포구 여의대방로65길 24,",서울특별시 영등포구,starbucks,37.5204021,126.9292806
391,타임스퀘어B2,"서울특별시 영등포구 영중로 15,",서울특별시 영등포구,starbucks,37.517007,126.9041419
392,영등포본동,서울특별시 영등포구 영등포로 254,서울특별시 영등포구,starbucks,37.5185135,126.9095859
393,타임스퀘어2F,서울특별시 영등포구 영중로 15,서울특별시 영등포구,starbucks,37.517007,126.9041419
394,여의도의사당,"서울특별시 영등포구 국회대로74길 12,",서울특별시 영등포구,starbucks,37.5300485,126.9210498
395,여의도IFC(1F),서울특별시 영등포구 국제금융로 10,서울특별시 영등포구,starbucks,37.5249367,126.9252845
396,여의도신한금융투자타워,서울특별시 영등포구 여의대로 70,서울특별시 영등포구,starbucks,37.5248014,126.924172
397,선유도역 1번출구,서울특별시 영등포구 양평로 128,서울특별시 영등포구,starbucks,37.5382968,126.8936139
398,영등포시장역,서울특별시 영등포구 영중로 79,서울특별시 영등포구,starbucks,37.5234348,126.9048963
399,영등포구청역,서울특별시 영등포구 국회대로 558,서울특별시 영등포구,starbucks,37.5275785,126.895872
400,서울양평역,서울특별시 영등포구 선유서로24길 6,서울특별시 영등포구,starbucks,37.5237037,126.8875056
401,영등포시장교차로,서울특별시 영등포구 영중로 45,서울특별시 영등포구,starbucks,37.5204239,126.904446
402,더현대서울(B2)R,서울특별시 영등포구 여의대로 108,서울특별시 영등포구,starbucks,37.5237584,126.9225703
403,당산역사거리,서울특별시 영등포구 양평로 47,서울특별시 영등포구,starbucks,37.5338262,126.9009868
404,불광역,서울특별시 은평구 통일로 715,서울특별시 은평구,starbucks,37.609382,126.9303971
405,구파발사거리,서울특별시 은평구 진관3로 21,서울특별시 은평구,starbucks,37.6410554,126.9212098
406,연신내역사거리,서울특별시 은평구 통일로 842,서울특별시 은평구,starbucks,37.6186243,126.9220434
407,연신내,서울특별시 은평구 통일로 867,서울특별시 은평구,starbucks,37.6201922,126.9198809
408,구파발역,서울특별시 은평구 진관2로 121522-3232,서울특별시 은평구,starbucks,37.6354486,126.9231387
409,은평구청입구,서울특별시 은평구 은평로 170,서울특별시 은평구,starbucks,37.6010363,126.9267886
410,은평이마트,서울특별시 은평구 은평로 111,서울특별시 은평구,starbucks,37.60077709999999,126.9204992
411,구산역,서울특별시 은평구 연서로 146,서울특별시 은평구,starbucks,37.6117171,126.9176171
412,수색,서울특별시 은평구 수색로 216,서울특별시 은평구,starbucks,37.5836106,126.8932739
413,녹번역,서울특별시 은평구 통일로 636,서울특별시 은평구,starbucks,37.6035543,126.9352994
414,진관DT,서울특별시 은평구 연서로 645,서울특별시 은평구,starbucks,37.6190884,126.9235023
415,연합뉴스,서울특별시 종로구 율곡로2길 25,서울특별시 종로구,starbucks,37.5743289,126.9804595
416,혜화역,서울특별시 종로구 대학로12길 4,서울특별시 종로구,starbucks,37.5824779,127.002185
417,경희궁로,서울특별시 종로구 새문안로3길 15,서울특별시 종로구,starbucks,37.5716658,126.9722875
418,강북삼성병원,서울특별시 종로구 새문안로 29,서울특별시 종로구,starbucks,37.5683585,126.9674846
419,종로평창동,서울특별시 종로구 평창12길 3,서울특별시 종로구,starbucks,37.60614899999999,126.9672128
420,광화문우체국,서울특별시 종로구 종로 6,서울특별시 종로구,starbucks,37.5698014,126.978084
421,더종로R,서울특별시 종로구 종로 51,서울특별시 종로구,starbucks,37.5707075,126.9835766
422,독립문역,서울특별시 종로구 송월길 155,서울특별시 종로구,starbucks,37.57070179999999,126.9647646
423,정부서울청사R,서울특별시 종로구 새문안로5가길 28,서울특별시 종로구,starbucks,37.5744107,126.9735709
424,동묘앞역,서울특별시 종로구 종로 344,서울특별시 종로구,starbucks,37.5727002,127.0160721
425,종로구청,서울특별시 종로구 삼봉로 71,서울특별시 종로구,starbucks,37.5721365,126.9811966
426,북촌로,서울특별시 종로구 북촌로4길 23,서울특별시 종로구,starbucks,37.5793885,126.9864543
427,종로수송,서울특별시 종로구 종로5길 30,서울특별시 종로구,starbucks,37.5716169,126.9806844
428,새문안로,서울특별시 종로구 새문안로 92,서울특별시 종로구,starbucks,37.5696602,126.9748903
429,안국,서울특별시 종로구 북촌로 5-1,서울특별시 종로구,starbucks,37.5773379,126.9856353
430,삼청동,서울특별시 종로구 삼청로 111-1,서울특별시 종로구,starbucks,37.5829548,126.9810261
431,광화문D타워,서울특별시 종로구 종로3길 17,서울특별시 종로구,starbucks,37.5716583,126.9798858
432,적선,"서울특별시 종로구 새문안로5길 55,",서울특별시 종로구,starbucks,37.5750907,126.9739521
433,인사,서울특별시 종로구 인사동길 14,서울특별시 종로구,starbucks,37.5721293,126.9870349
434,광화문,서울특별시 종로구 세종대로 167,서울특별시 종로구,starbucks,37.5712293,126.9762872
435,성대입구,서울특별시 종로구 창경궁로 235,서울특별시 종로구,starbucks,37.582923,126.9983545
436,스페이스본,서울특별시 종로구 사직로8길 4,서울특별시 종로구,starbucks,37.5743822,126.9688505
437,주얼리시티,서울특별시 종로구 종로 183,서울특별시 종로구,starbucks,37.5711959,126.9986621
438,종각,서울특별시 종로구 종로 64,서울특별시 종로구,starbucks,37.5699183,126.9845281
439,동숭로아트,서울특별시 종로구 동숭길 110,서울특별시 종로구,starbucks,37.5829419,127.0038862
440,종로관철,"서울특별시 종로구 종로12길 21,",서울특별시 종로구,starbucks,37.5690496,126.9859854
441,경복궁역,"서울특별시 종로구 자하문로4길 6,",서울특별시 종로구,starbucks,37.5771471,126.9726344
442,이마빌딩,서울특별시 종로구 종로1길 42,서울특별시 종로구,starbucks,37.5738637,126.9789715
443,마로니에공원,"서울특별시 종로구 대학로 116,",서울특별시 종로구,starbucks,37.5814942,127.0023216
444,종로3가,"서울특별시 종로구 종로 113-1,",서울특별시 종로구,starbucks,37.5705527,126.9902055
445,대학로,"서울특별시 종로구 대학로 57,",서울특별시 종로구,starbucks,37.5769696,127.0020331
446,경복궁사거리,"서울특별시 종로구 율곡로 6,",서울특별시 종로구,starbucks,37.5754163,126.9801322
447,종로관수,서울특별시 종로구 삼일대로20길 13,서울특별시 종로구,starbucks,37.5697113,126.9886559
448,광화문교보문고,서울특별시 종로구 종로 1,서울특별시 종로구,starbucks,37.5709047,126.9780327
449,정동,서울특별시 종로구 새문안로 42,서울특별시 종로구,starbucks,37.5686502,126.9701419
450,종로플레이스,서울특별시 종로구 창경궁로 120,서울특별시 종로구,starbucks,37.5729437,126.9983082
451,강북삼성병원1층,서울특별시 종로구 새문안로 29,서울특별시 종로구,starbucks,37.5683585,126.9674846
452,동숭길입구,서울특별시 종로구 대학로 146,서울특별시 종로구,starbucks,37.5842128,127.0020237
453,서울대치과병원,서울특별시 종로구 대학로 101,서울특별시 종로구,starbucks,37.5775956,126.9998863
454,서대문역,서울특별시 종로구 통일로 134,서울특별시 종로구,starbucks,37.5666036,126.9662841
455,숭례문북창,서울특별시 중구 세종대로12길 12,서울특별시 중구,starbucks,37.5618085,126.9776349
456,을지로4가역,서울특별시 중구 을지로 170,서울특별시 중구,starbucks,37.5663459,126.9967756
457,동대문두타,서울특별시 중구 장충단로 275,서울특별시 중구,starbucks,37.5689316,127.0087977
458,대한상공회의소R,서울특별시 중구 세종대로 39,서울특별시 중구,starbucks,37.5606707,126.9737639
459,국립중앙의료원,서울특별시 중구 을지로 251,서울특별시 중구,starbucks,37.566516,127.0062376
460,동국대,서울특별시 중구 서애로 1길,서울특별시 중구,starbucks,37.5609063,126.9991003
461,신세계본점5F,서울특별시 중구 소공로 63,서울특별시 중구,starbucks,37.5609008,126.9809889
462,을지로내외빌딩R,서울특별시 중구 을지로 51,서울특별시 중구,starbucks,37.5664536,126.9836673
463,대우재단빌딩,서울특별시 중구 퇴계로 18,서울특별시 중구,starbucks,37.5565217,126.975145
464,동대문공원,서울특별시 중구 장충단로 229,서울특별시 중구,starbucks,37.5651328,127.0071909
465,을지로국제빌딩,서울특별시 중구 남대문로 109,서울특별시 중구,starbucks,37.5669467,126.982232
466,동대입구역,서울특별시 중구 장충단로 166,서울특별시 중구,starbucks,37.5595925,127.0061416
467,신당역사거리,서울특별시 중구 다산로 258,서울특별시 중구,starbucks,37.5658043,127.0165817
468,연세세브란스,서울특별시 중구 통일로 10,서울특별시 중구,starbucks,37.5570572,126.9736211
469,회현역,서울특별시 중구 퇴계로 72,서울특별시 중구,starbucks,37.5590809,126.9805937
470,을지로경기빌딩,서울특별시 중구 남대문로10길 9,서울특별시 중구,starbucks,37.5671564,126.9832536
471,을지로2가,서울특별시 중구 삼일대로 358,서울특별시 중구,starbucks,37.56654899999999,126.9878497
472,신세계본점6F,서울특별시 중구 퇴계로 77,서울특별시 중구,starbucks,37.5603075,126.9808306
473,서울중앙우체국,서울특별시 중구 소공로 70,서울특별시 중구,starbucks,37.5615577,126.9821367
474,한국프레스센터,서울특별시 중구 세종대로 124,서울특별시 중구,starbucks,37.5673811,126.977859
475,명동중앙로,서울특별시 중구 명동길 60,서울특별시 중구,starbucks,37.56369919999999,126.9857659
476,약수역,서울특별시 중구 다산로 129,서울특별시 중구,starbucks,37.55539780000001,127.0107109
477,중구저동,서울특별시 중구 수표로 34,서울특별시 중구,starbucks,37.5643293,126.9903246
478,명동길,서울특별시 중구 명동10길 411522-3232,서울특별시 중구,starbucks,37.5627133,126.985603
479,서소문로,서울특별시 중구 서소문로 120,서울특별시 중구,starbucks,37.5612786,126.9693213
480,신당역,"서울특별시 중구 퇴계로 385,",서울특별시 중구,starbucks,37.565296,127.0143007
481,명동메트로,서울특별시 중구 명동9가길 14,서울특별시 중구,starbucks,37.5650962,126.9837163
482,숭례문,"서울특별시 중구 세종대로 17,",서울특별시 중구,starbucks,37.5585967,126.9732661
483,순화동더샵,"서울특별시 중구 칠패로 27,",서울특별시 중구,starbucks,37.560174,126.9720786
484,대한극장,서울특별시 중구 퇴계로 212,서울특별시 중구,starbucks,37.56103,126.9953279
485,환구단,서울특별시 중구 소공로 112,서울특별시 중구,starbucks,37.5636754,126.9794536
486,무교동,서울특별시 중구 무교로 21,서울특별시 중구,starbucks,37.5677014,126.9788451
487,문화일보,서울특별시 중구 새문안로 22,서울특별시 중구,starbucks,37.5670828,126.9686365
488,태평로,"서울특별시 중구 세종대로 72,",서울특별시 중구,starbucks,37.5624548,126.9767831
489,퍼시픽타워,"서울특별시 중구 세종대로9길 41,",서울특별시 중구,starbucks,37.5613107,126.9729685
490,남산단암,"서울특별시 중구 소월로 10,",서울특별시 중구,starbucks,37.5585026,126.9753986
491,황학캐슬,서울특별시 중구 청계천로 400,서울특별시 중구,starbucks,37.5708733,127.0213284
492,을지로삼화타워,서울특별시 중구 을지로5길 16,서울특별시 중구,starbucks,37.5669111,126.9848926
493,소공로,"서울특별시 중구 남대문로7길 19,",서울특별시 중구,starbucks,37.5637273,126.9807681
494,서소문배재,서울특별시 중구 서소문로 99,서울특별시 중구,starbucks,37.5628481,126.9721664
495,을지로한국빌딩,"서울특별시 중구 을지로 50,",서울특별시 중구,starbucks,37.5655809,126.9832977
496,KG타워,서울특별시 중구 통일로 92,서울특별시 중구,starbucks,37.5635558,126.9692092
497,시청,"서울특별시 중구 을지로 19,",서울특별시 중구,starbucks,37.5662422,126.9799415
498,충무로역,"서울특별시 중구 퇴계로 197,",서울특별시 중구,starbucks,37.561391,126.9939127
499,명동역,"서울특별시 중구 퇴계로 101,",서울특별시 중구,starbucks,37.5608244,126.9830929
500,명동입구,서울특별시 중구 남대문로 68-1,서울특별시 중구,starbucks,37.5631995,126.9822547
501,무교로,서울특별시 중구 무교로 15,서울특별시 중구,starbucks,37.5672459,126.9789
502,청계크리스탈스퀘어,서울특별시 중구 청계천로 106,서울특별시 중구,starbucks,37.5678056,126.9892805
503,숭례문SG타워,서울특별시 중구 세종대로 14,서울특별시 중구,starbucks,37.5578543,126.9736905
504,레스케이프호텔R,서울특별시 중구 퇴계로 67,서울특별시 중구,starbucks,37.55983459999999,126.9794946
505,별다방,서울특별시 중구 퇴계로 100,서울특별시 중구,starbucks,37.5602013,126.9829327
506,포포인츠명동,서울특별시 중구 삼일대로10길 36,서울특별시 중구,starbucks,37.5656637,126.9894803
507,명동남산,서울특별시 중구 퇴계로 132,서울특별시 중구,starbucks,37.5607046,126.9864471
508,명일역,서울특별시 강동구 양재대로 1647,서울특별시 강동구,starbucks,37.5374092,127.1411034
509,강동구청DT,서울특별시 강동구 성내로 32,서울특별시 강동구,starbucks,37.5291389,127.1237922
510,강동암사DT,서울특별시 강동구 고덕로 43,서울특별시 강동구,starbucks,37.55504,127.1300647
511,굽은다리역,서울특별시 강동구 양재대로 1568,서울특별시 강동구,starbucks,37.5453366,127.1433679
512,강동역,서울특별시 강동구 천호대로 1089,서울특별시 강동구,starbucks,37.538274,127.14567
513,둔촌동,서울특별시 강동구 양재대로 1303,서울특별시 강동구,starbucks,37.5227235,127.1339426
514,천호로데오,서울특별시 강동구 천호대로 1037,서울특별시 강동구,starbucks,37.5378069,127.1273094
515,천호이마트,서울특별시 강동구 천호대로 1015-14,서울특별시 강동구,starbucks,37.5389169,127.1252133
516,길동역,서울특별시 강동구 양재대로 1487,서울특별시 강동구,starbucks,37.5386789,127.1400495
517,상일동,"서울특별시 강동구 상일로10길 36,",서울특별시 강동구,starbucks,37.5530573,127.1724614
518,천호역,"서울특별시 강동구 천호대로 1012,",서울특별시 강동구,starbucks,37.5378216,127.1242994
519,명일이마트,서울특별시 강동구 동남로75길 5,서울특별시 강동구,starbucks,37.5539649,127.1559881
520,상일동역,서울특별시 강동구 고덕로 399,서울특별시 강동구,starbucks,37.5555874,127.1475975
521,천호사거리,서울특별시 강동구 올림픽로 651,서울특별시 강동구,starbucks,37.5397441,127.1232777
522,강일역,서울특별시 강동구 고덕로 429,서울특별시 강동구,starbucks,37.5555874,127.1475975
523,올림픽공원북2문,서울특별시 강동구 강동대로 199,서울특별시 강동구,starbucks,37.5241832,127.1286775
524,천호대로길동,서울특별시 강동구 천호대로 1131,서울특별시 강동구,starbucks,37.5346947,127.1372348
525,신도림,서울특별시 구로구 경인로 610,서울특별시 구로구,starbucks,37.50500299999999,126.883794
526,구로디지털타워,서울특별시 구로구 디지털로32길 30,서울특별시 구로구,starbucks,37.4833471,126.8965154
527,오류동역,서울특별시 구로구 경인로 216,서울특별시 구로구,starbucks,37.4961687,126.8448492
528,구로디지털로,"서울특별시 구로구 디지털로33길 11,",서울특별시 구로구,starbucks,37.4856641,126.8955021
529,구로에이스,"서울특별시 구로구 디지털로 285,",서울특별시 구로구,starbucks,37.4844473,126.8944933
530,구로하이엔드,"서울특별시 구로구 디지털로26길 5,",서울특별시 구로구,starbucks,37.4815733,126.8934683
531,현대디큐브2F,서울특별시 구로구 경인로 662,서울특별시 구로구,starbucks,37.5084321,126.8887332
532,구로호텔,"서울특별시 구로구 디지털로32길 72,",서울특별시 구로구,starbucks,37.4831293,126.8988591
533,현대디큐브B2,서울특별시 구로구 경인로 662,서울특별시 구로구,starbucks,37.5084321,126.8887332
534,구로고척,서울특별시 구로구 경인로 387,서울특별시 구로구,starbucks,37.4970129,126.8631373
535,구로NC,서울특별시 구로구 구로중앙로 152,서울특별시 구로구,starbucks,37.5012056,126.8827953
536,구로오류DT,서울특별시 구로구 서해안로 2233,서울특별시 구로구,starbucks,37.4911149,126.8395931
537,구로구청,서울특별시 구로구 가마산로 232,서울특별시 구로구,starbucks,37.4937463,126.8867479
538,답십리역,서울특별시 동대문구 천호대로 263,서울특별시 동대문구,starbucks,37.5684656,127.0511062
539,경희대삼거리,서울특별시 동대문구 회기로 141,서울특별시 동대문구,starbucks,37.59153140000001,127.0520171
540,외대정문,서울특별시 동대문구 이문로 93,서울특별시 동대문구,starbucks,37.5953303,127.0592389
541,신설동역,서울특별시 동대문구 왕산로 19,서울특별시 동대문구,starbucks,37.5766701,127.0255138
542,회기역사거리,서울특별시 동대문구 이문로 37,서울특별시 동대문구,starbucks,37.5907694,127.0561043
543,외대,서울특별시 동대문구 휘경로 12-1,서울특별시 동대문구,starbucks,37.595688,127.0613927
544,장한평역,서울특별시 동대문구 장한로 10,서울특별시 동대문구,starbucks,37.5622228,127.0655129
545,경희대,서울특별시 동대문구 경희대로 16-1,서울특별시 동대문구,starbucks,37.5928812,127.0528085
546,청량리역사,서울특별시 동대문구 왕산로 214,서울특별시 동대문구,starbucks,37.5792928,127.0479007
547,서울숲역,서울특별시 성동구 왕십리로 50,서울특별시 성동구,starbucks,37.5418544,127.044989
548,금호역,서울특별시 성동구 동호로 99,서울특별시 성동구,starbucks,37.5479939,127.0153343
549,뚝섬역,서울특별시 성동구 아차산로 42,서울특별시 성동구,starbucks,37.546432,127.0490419
550,황학사거리,서울특별시 성동구 왕십리로 410,서울특별시 성동구,starbucks,37.5549336,127.0367427
551,성수역,서울특별시 성동구 성수이로 94,서울특별시 성동구,starbucks,37.543193,127.0569432
552,상왕십리역,서울특별시 성동구 왕십리로 382,서울특별시 성동구,starbucks,37.5649226,127.0279499
553,왕십리역,서울특별시 성동구 왕십리로 326,서울특별시 성동구,starbucks,37.5627152,127.0338928
554,한양대,서울특별시 성동구 왕십리로 225,서울특별시 성동구,starbucks,37.557121,127.0421163
555,엔터식스,서울특별시 성동구 왕십리광장로 17,서울특별시 성동구,starbucks,37.5621482,127.0379421
556,성수이마트,서울특별시 성동구 뚝섬로 379,서울특별시 성동구,starbucks,37.5399389,127.0531674
557,성수,서울특별시 성동구 아차산로 104,서울특별시 성동구,starbucks,37.5444502,127.0553861
558,옥수,서울특별시 성동구 독서당로 202,서울특별시 성동구,starbucks,37.5430298,127.0133661
559,성수낙낙,서울특별시 성동구 광나루로8길 31,서울특별시 성동구,starbucks,37.5475127,127.064007
560,효창공원앞역,서울특별시 용산구 백범로 313,서울특별시 용산구,starbucks,37.5387966,126.9639117
561,서울역서부,서울특별시 용산구 만리재로 202,서울특별시 용산구,starbucks,37.5549045,126.9684456
562,이태원역,서울특별시 용산구 이태원로 188,서울특별시 용산구,starbucks,37.5342727,126.9947897
563,한강진역R,서울특별시 용산구 이태원로 252,서울특별시 용산구,starbucks,37.5370671,127.0010864
564,용산역써밋R,서울특별시 용산구 한강대로 69,서울특별시 용산구,starbucks,37.5359824,126.9713509
565,이촌,서울특별시 용산구 이촌로 276,서울특별시 용산구,starbucks,37.5186054,126.9772713
566,신용산역,서울특별시 용산구 한강대로 95,서울특별시 용산구,starbucks,37.5287967,126.9671806
567,용산파크타워,서울특별시 용산구 서빙고로 67,서울특별시 용산구,starbucks,37.5242567,126.970731
568,남영동,서울특별시 용산구 한강대로 275,서울특별시 용산구,starbucks,37.5428313,126.9722421
569,한남동R,서울특별시 용산구 독서당로 94,서울특별시 용산구,starbucks,37.5347739,127.0109257
570,서울타워,서울특별시 용산구 남산공원길 105,서울특별시 용산구,starbucks,37.5509473,126.9892965
571,서울역동자동,서울특별시 용산구 한강대로 372,서울특별시 용산구,starbucks,37.5359824,126.9713509
572,순천향입구,서울특별시 용산구 대사관로 67,서울특별시 용산구,starbucks,37.5333841,127.0056296
573,숙대,서울특별시 용산구 청파로47길 57,서울특별시 용산구,starbucks,37.5445812,126.9671959
574,동빙고,서울특별시 용산구 장문로 12,서울특별시 용산구,starbucks,37.5289471,126.9917838
575,숙대입구역,서울특별시 용산구 한강대로 291,서울특별시 용산구,starbucks,37.5442008,126.9719246
576,용산아이파크몰,서울특별시 용산구 한강대로23길 551522-3232,서울특별시 용산구,starbucks,37.5280137,126.9653287
577,동부이촌동,서울특별시 용산구 이촌로 198,서울특별시 용산구,starbucks,37.5210945,126.9690312
578,숙명여대정문,서울특별시 용산구 청파로47길 100,서울특별시 용산구,starbucks,37.5463644,126.9648311
579,용산해링턴스퀘어,서울특별시 용산구 서빙고로 17,서울특별시 용산구,starbucks,37.52310230000001,126.9844401
580,경리단길,서울특별시 용산구 회나무로 3,서울특별시 용산구,starbucks,37.5385806,126.9874086
581,서울역사,서울특별시 용산구 한강대로 405,서울특별시 용산구,starbucks,37.5490645,126.9704658
582,용산리첸시아,서울특별시 용산구 백범로 341,서울특별시 용산구,starbucks,37.5380677,126.9676185
583,포포인츠서울역,서울특별시 용산구 한강대로 366,서울특별시 용산구,starbucks,37.5359824,126.9713509
584,용산전자랜드,서울특별시 용산구 청파로 74,서울특별시 용산구,starbucks,37.5328642,126.9596117
585,상봉,서울특별시 중랑구 상봉로 131,서울특별시 중랑구,starbucks,37.5909072,127.0937704
586,중랑역,서울특별시 중랑구 망우로30길 3,서울특별시 중랑구,starbucks,37.5930326,127.0747358
587,중랑구청,서울특별시 중랑구 신내로 721522-3232,서울특별시 중랑구,starbucks,37.6083906,127.0954925
588,사가정역,서울특별시 중랑구 면목로 3101522-3232,서울특별시 중랑구,starbucks,37.5841989,127.0866148
589,상봉역,서울특별시 중랑구 망우로 307,서울특별시 중랑구,starbucks,37.5968974,127.086455
590,묵동,서울특별시 중랑구 동일로 952,서울특별시 중랑구,starbucks,37.6154214,127.0766741
591,양원역,서울특별시 중랑구 양원역로10길 3,서울특별시 중랑구,starbucks,37.6074388,127.1092209
592,중화역,서울특별시 중랑구 봉화산로 35,서울특별시 중랑구,starbucks,37.6016921,127.0782571
593,강남YMCA점,서울 강남구 논현동,서울 강남구,ediya,37.5135304,127.0315341
594,강남구청역아이티웨딩점,서울 강남구 학동로 338,서울 강남구,ediya,37.5164665,127.0404191
595,강남논현학동점,서울 강남구 논현로131길 28,서울 강남구,ediya,37.5140401,127.028091
596,강남대치점,서울 강남구 역삼로 415,서울 강남구,ediya,37.5012506,127.0523816
597,강남도산점,서울 강남구 도산대로37길 20,서울 강남구,ediya,37.5222413,127.0314815
598,강남세곡점,서울 강남구 헌릉로569길 9,서울 강남구,ediya,37.466266,127.1167873
599,강남율현점,서울 강남구 밤고개로21길 8,서울 강남구,ediya,37.4735007,127.1143801
600,강남자곡점,서울 강남구 자곡로 180,서울 강남구,ediya,37.5172363,127.0473248
601,개포동역점,서울 강남구 개포로82길 11,서울 강남구,ediya,37.4885214,127.0674325
602,건설회관점,서울 강남구 언주로 711,서울 강남구,ediya,37.5173236,127.034148
603,대청역점,서울 강남구 개포로109길 34,서울 강남구,ediya,37.4941735,127.0776294
604,대치역점,서울 강남구 남부순환로 2937,서울 강남구,ediya,37.4940545,127.0616042
605,도곡2동점,서울 강남구 논현로 142,서울 강남구,ediya,37.4823936,127.0430248
606,도산사거리점,서울 강남구 논현동,서울 강남구,ediya,37.5135304,127.0315341
607,삼성대치점,서울 강남구 삼성로64길 32,서울 강남구,ediya,37.5002758,127.0630181
608,삼성동점,서울 강남구 테헤란로88길 10,서울 강남구,ediya,37.5068062,127.0594495
609,삼성중앙역점,서울 강남구 삼성로 608,서울 강남구,ediya,37.51385,127.0532856
610,삼성한전점,서울 강남구 테헤란로107길 11,서울 강남구,ediya,37.5103908,127.0650442
611,선릉사거리점,서울 강남구 선릉로 519,서울 강남구,ediya,37.5058332,127.047994
612,선릉역점,서울 강남구 테헤란로 332,서울 강남구,ediya,37.5038188,127.0481497
613,선정릉역점,서울 강남구 봉은사로 326,서울 강남구,ediya,37.5096114,127.042657
614,수서역점,서울 강남구 광평로 280,서울 강남구,ediya,37.4872829,127.1031088
615,신사역점,서울 강남구 압구정로2길 62,서울 강남구,ediya,37.5177352,127.0214289
616,신사점,서울 강남구 도산대로 118,서울 강남구,ediya,37.5165111,127.0218046
617,압구정로데오역점,서울 강남구 선릉로161길 20,서울 강남구,ediya,37.5274922,127.0388195
618,압구정점,서울 강남구 신사동,서울 강남구,ediya,37.524124,127.022883
619,역삼더블루점,서울 강남구 논현로63길 16,서울 강남구,ediya,37.4921786,127.0379488
620,역삼상록점,서울 강남구 테헤란로43길 18,서울 강남구,ediya,37.5043993,127.0440514
621,역삼역점,서울 강남구 테헤란로25길 17,서울 강남구,ediya,37.5017498,127.0352364
622,역삼월드점,서울 강남구 역삼로52길 14,서울 강남구,ediya,37.4985129,127.0479773
623,역삼점,서울 강남구 논현로72길 13,서울 강남구,ediya,37.49579,127.0405163
624,역삼중앙점,서울 강남구 언주로81길 8,서울 강남구,ediya,37.500316,127.0428617
625,역삼초교점,서울 강남구 강남대로 314,서울 강남구,ediya,37.49128839999999,127.0314731
626,역삼충현점,서울 강남구 논현로98길 7,서울 강남구,ediya,37.5037266,127.0363318
627,역삼플래티넘점,서울 강남구 테헤란로4길 46,서울 강남구,ediya,37.4953323,127.0303725
628,을지병원사거리점,서울 강남구 도산대로30길 7,서울 강남구,ediya,37.5193645,127.0294202
629,이디야커피랩,서울 강남구 논현로 636,서울 강남구,ediya,37.5104381,127.032971
630,일원동점,서울 강남구 양재대로27길 20,서울 강남구,ediya,37.49037060000001,127.0816125
631,청담사거리점,서울 강남구 도산대로 521,서울 강남구,ediya,37.5248364,127.0503603
632,청담역점,서울 강남구 삼성로 721,서울 강남구,ediya,37.5200294,127.0491395
633,포이사거리점,서울 강남구 개포로 218,서울 강남구,ediya,37.4784579,127.0465991
634,학동역점,서울 강남구 학동로 219,서울 강남구,ediya,37.51496059999999,127.0331072
635,학동제마점,서울 강남구 학동로34길 22,서울 강남구,ediya,37.51308,127.0336405
636,한티역점,서울 강남구 도곡로69길 8,서울 강남구,ediya,37.49790960000001,127.0561038
637,강동고덕교차로점,서울 강동구 고덕로 421,서울 강동구,ediya,37.5555874,127.1475975
638,강동구청점,서울 강동구 성내로6길 20,서울 강동구,ediya,37.5289686,127.1222046
639,강동성내점,서울 강동구 풍성로 162,서울 강동구,ediya,37.5304839,127.1298465
640,강동신명초교점,서울 강동구 명일로 260,서울 강동구,ediya,37.5411617,127.1474294
641,강동역점,서울 강동구 천호대로 1065,서울 강동구,ediya,37.5369841,127.1304589
642,강일점,서울 강동구 아리수로93길 19,서울 강동구,ediya,37.5665592,127.1737804
643,고덕그라시움후문점,서울 강동구 동남로82길 121,서울 강동구,ediya,37.5603577,127.1636874
644,고덕래미안힐스점,서울 강동구 아리수로50길 50,서울 강동구,ediya,37.5587739,127.1493139
645,고덕점,서울 강동구 동남로75길 19,서울 강동구,ediya,37.5540924,127.1551627
646,굽은다리역점,서울 강동구 양재대로 1543,서울 강동구,ediya,37.5434703,127.1418503
647,길동사거리점,서울 강동구 천호대로 1132,서울 강동구,ediya,37.5340178,127.1369677
648,길동역점,서울 강동구 양재대로 1471,서울 강동구,ediya,37.5372792,127.1393753
649,길동중앙점,서울 강동구 명일로 200,서울 강동구,ediya,37.5365076,127.1459209
650,둔촌점,서울 강동구 양재대로 1377,서울 강동구,ediya,37.5291279,127.1362456
651,명일역점,서울 강동구 구천면로 424,서울 강동구,ediya,37.5503207,127.145546
652,명일중앙점,서울 강동구 상암로 210,서울 강동구,ediya,37.5462623,127.1457746
653,보훈병원점,서울 강동구 명일로 110,서울 강동구,ediya,37.5287781,127.1431444
654,상일리엔파크점,서울 강동구 상일로 74,서울 강동구,ediya,37.5525612,127.1752562
655,암사3동점,서울 강동구 고덕로 140,서울 강동구,ediya,37.5544215,127.1407186
656,암사역점,서울 강동구 올림픽로 782,서울 강동구,ediya,37.5508357,127.1281014
657,암사중앙점,서울 강동구 암사길 50,서울 강동구,ediya,37.5516267,127.1348226
658,올림픽북문점,서울 강동구 성안로 7,서울 강동구,ediya,37.5244902,127.1288855
659,천호로데오점,서울 강동구 천호대로 1027,서울 강동구,ediya,37.5381679,127.1262834
660,천호역점,서울 강동구 천호대로 1006,서울 강동구,ediya,37.5379796,127.1237397
661,천호중앙점,서울 강동구 올림픽로 660,서울 강동구,ediya,37.540115,127.1245713
662,천호초교사거리점,서울 강동구 구천면로 304,서울 강동구,ediya,37.546686,127.1347948
663,천호현대점,서울 강동구 올림픽로 665,서울 강동구,ediya,37.5408846,127.1238516
664,4.19사거리점,서울 강북구 삼양로 501,서울 강북구,ediya,37.6478542,127.0142169
665,가오리역점,서울 강북구 삼각산로 108,서울 강북구,ediya,37.6405639,127.0161466
666,강북경찰서점,서울 강북구 오패산로 403,서울 강북구,ediya,37.63684689999999,127.0269808
667,광산사거리점,서울 강북구 노해로 91,서울 강북구,ediya,37.6439109,127.0219539
668,미아꿈의숲해링턴점,서울 강북구 오현로 45,서울 강북구,ediya,37.6170531,127.0348824
669,미아삼거리역점,서울 강북구 도봉로10길 28,서울 강북구,ediya,37.6138407,127.0310049
670,미아삼거리점,서울 강북구 도봉로 45,서울 강북구,ediya,37.6130238,127.0289642
671,미아송천점,서울 강북구 삼양로 118,서울 강북구,ediya,37.6143905,127.0224052
672,미아역점,서울 강북구 도봉로 207 -3(미아동),서울 강북구,ediya,37.6319203,127.0280953
673,미아중앙점,서울 강북구 도봉로 128,서울 강북구,ediya,37.62042840000001,127.0287354
674,번동점,서울 강북구 오현로 194,서울 강북구,ediya,37.6288395,127.0398598
675,북한산점,서울 강북구 4.19로 85,서울 강북구,ediya,37.6396099,127.0256575
676,삼각산점,서울 강북구 솔샘로40길 3,서울 강북구,ediya,37.6198769,127.0160092
677,삼양사거리점,서울 강북구 솔샘로 254,서울 강북구,ediya,37.6193356,127.0206844
678,삼양시장점,서울 강북구 삼양로 234,서울 강북구,ediya,37.6370282,127.0170402
679,수유1동점,서울 강북구 삼양로 293,서울 강북구,ediya,37.6295659,127.0176488
680,수유사거리점,서울 강북구 덕릉로 82,서울 강북구,ediya,37.6349162,127.0252928
681,수유역점,서울 강북구 도봉로 355,서울 강북구,ediya,37.6393061,127.0266927
682,우이역도선사점,서울 강북구 삼양로173길 21,서울 강북구,ediya,37.6626046,127.0113765
683,한신대점,서울 강북구 덕릉로 31,서울 강북구,ediya,37.6342771,127.0169716
684,가양역점,서울 강서구 양천로 500,서울 강서구,ediya,37.5605018,126.8555237
685,강서nc점,서울 강서구 강서로54길 11,서울 강서구,ediya,37.5592805,126.8393255
686,강서가양동점,서울 강서구 강서로 511,서울 강서구,ediya,37.5709705,126.8414444
687,강서교차로점,서울 강서구 공항대로 437,서울 강서구,ediya,37.555002,126.8559032
688,강서구청점,서울 강서구 화곡로 292,서울 강서구,ediya,37.5502707,126.848761
689,강서한강자이점,서울 강서구 양천로 401,서울 강서구,ediya,37.5642415,126.8426754
690,개화산역점,서울 강서구 양천로 28,서울 강서구,ediya,37.572345,126.8068476
691,곰달래사거리점,서울 강서구 곰달래로 52,서울 강서구,ediya,37.5299176,126.8385803
692,공항시장역점,서울 강서구 방화동로 37,서울 강서구,ediya,37.5641437,126.8106696
693,까치산로점,서울 강서구 까치산로 182,서울 강서구,ediya,37.5533329,126.853912
694,까치산역점,서울 강서구 강서로17길 6,서울 강서구,ediya,37.5333847,126.8451896
695,내발산점,서울 강서구 강서로 304,서울 강서구,ediya,37.5526871,126.8367049
696,등촌3동점,서울 강서구 공항대로41길 34,서울 강서구,ediya,37.5592457,126.8457028
697,등촌동점,서울 강서구 공항대로61길 20,서울 강서구,ediya,37.5518155,126.865756
698,등촌역점,서울 강서구 등촌로 217,서울 강서구,ediya,37.549111,126.8632654
699,등촌중앙점,서울 강서구 등촌로 67,서울 강서구,ediya,37.5360455,126.8631085
700,렘넌트문화센터점,서울 강서구 화곡로63길 65,서울 강서구,ediya,37.5579326,126.8491762
701,마곡나루역점,서울 강서구 마곡중앙5로 6,서울 강서구,ediya,37.564979,126.827427
702,마곡대방디엠씨티점,서울 강서구 양천로 344,서울 강서구,ediya,37.5642415,126.8426754
703,마곡수명산점,서울 강서구 수명로 68-27,서울 강서구,ediya,37.5526355,126.826665
704,마곡엠밸리점,서울 강서구 마곡서로 101,서울 강서구,ediya,37.5764888,126.8307466
705,마곡역점,서울 강서구 공항대로 195,서울 강서구,ediya,37.5533338,126.8510294
706,마곡중앙점,서울 강서구 마곡중앙6로 66,서울 강서구,ediya,37.55319679999999,126.8298352
707,마곡퀸즈파크9점,서울 강서구 공항대로 247,서울 강서구,ediya,37.5533338,126.8510294
708,마곡파인스퀘어점,서울 강서구 마곡중앙4로 22,서울 강서구,ediya,37.55319679999999,126.8298352
709,마곡헤리움점,서울 강서구 마곡중앙5로1길 25,서울 강서구,ediya,37.564979,126.827427
710,발산역점,서울 강서구 공항대로 280,서울 강서구,ediya,37.5579802,126.8383984
711,방화동로점,서울 강서구 방화동로 95,서울 강서구,ediya,37.5690525,126.8126438
712,방화사거리점,서울 강서구 양천로 72,서울 강서구,ediya,37.5731229,126.8117935
713,방화역점,서울 강서구 금낭화로 146,서울 강서구,ediya,37.5781558,126.8132929
714,서울공진초교점,서울 강서구 마곡중앙1로 26,서울 강서구,ediya,37.55319679999999,126.8298352
715,송정역점,서울 강서구 공항대로 24,서울 강서구,ediya,37.5611369,126.8099466
716,신방화역점,서울 강서구 마곡중앙5로 81,서울 강서구,ediya,37.564979,126.827427
717,신방화중앙점,서울 강서구 방화대로34길 92,서울 강서구,ediya,37.5705759,126.820657
718,양천향교역점,서울 강서구 강서로 462,서울 강서구,ediya,37.5665739,126.8413981
719,염창동점,서울 강서구 양천로 689,서울 강서구,ediya,37.5505196,126.8728804
720,염창블루나인점,서울 강서구 양천로 583,서울 강서구,ediya,37.556904,126.8642901
721,우장산동점,서울 강서구 우현로 15,서울 강서구,ediya,37.547128,126.8436128
722,우장산역점,서울 강서구 강서로45길 5,서울 강서구,ediya,37.5478163,126.8358119
723,화곡남부시장점,서울 강서구 등촌로5길 80,서울 강서구,ediya,37.5330576,126.8589924
724,화곡로점,서울 강서구 화곡로 133,서울 강서구,ediya,37.54079309999999,126.8364778
725,화곡본동시장점,서울 강서구 까치산로4길 11,서울 강서구,ediya,37.5421805,126.8442573
726,화곡사거리점,서울 강서구 곰달래로 135,서울 강서구,ediya,37.5307235,126.8479086
727,화곡중앙시장점,서울 강서구 가로공원로76길 61,서울 강서구,ediya,37.5343836,126.8382576
728,화곡중앙점,서울 강서구 까치산로 79,서울 강서구,ediya,37.5457288,126.8474016
729,관악구청점,서울 관악구 관악로 164,서울 관악구,ediya,37.4795649,126.9528901
730,관악우성점,서울 관악구 관악로 232,서울 관악구,ediya,37.4849221,126.9559971
731,관악하나로마트점,서울 관악구 남부순환로 1369,서울 관악구,ediya,37.4800943,126.9028959
732,낙성대역점,서울 관악구 남부순환로 1915,서울 관악구,ediya,37.477862,126.9621916
733,난곡사거리점,서울 관악구 남부순환로 1444,서울 관악구,ediya,37.4808887,126.9112443
734,난향동점,서울 관악구 난곡로 60,서울 관악구,ediya,37.4607674,126.9193864
735,남현홈플러스점,서울 관악구 과천대로 909,서울 관악구,ediya,37.471482,126.9826404
736,녹두거리점,서울 관악구 신림로 91,서울 관악구,ediya,37.47029879999999,126.9390781
737,당곡사거리점,서울 관악구 봉천로 245,서울 관악구,ediya,37.4892526,126.9290254
738,보라매중앙점,서울 관악구 보라매로 62,서울 관악구,ediya,37.4939996,126.927872
739,봉일시장점,서울 관악구 은천로 23,서울 관악구,ediya,37.4863629,126.9379113
740,봉천역점,서울 관악구 남부순환로 1725,서울 관악구,ediya,37.4826457,126.9418783
741,봉천중앙점,서울 관악구 남부순환로 1874,서울 관악구,ediya,37.4789698,126.9577375
742,사당중앙점,서울 관악구 과천대로 951,서울 관악구,ediya,37.475496,126.9812655
743,서울대중앙점,서울 관악구 남부순환로216길 2,서울 관악구,ediya,37.4813377,126.9489838
744,신대방역점,서울 관악구 난곡로 368,서울 관악구,ediya,37.48680909999999,126.9137478
745,신림난곡점,서울 관악구 난곡로 197,서울 관악구,ediya,37.47253,126.9189265
746,신림남부초교점,서울 관악구 남부순환로 1541-1,서울 관악구,ediya,37.48336219999999,126.921872
747,신림대학동점,서울 관악구 호암로26길 17,서울 관악구,ediya,37.4707098,126.9345955
748,신림문화교점,서울 관악구 신림로 262-1,서울 관악구,ediya,37.478521,126.9326948
749,신림미성점,서울 관악구 난곡로 250,서울 관악구,ediya,37.4712962,126.917945
750,신림신원점,서울 관악구 신원로 16,서울 관악구,ediya,37.48078539999999,126.9281219
751,신림신화교점,서울 관악구 신림로 199,서울 관악구,ediya,37.4754898,126.9361817
752,신림역점,서울 관악구 신림로 312,서울 관악구,ediya,37.4821435,126.9301389
753,신림중앙점,서울 관악구 관천로 52,서울 관악구,ediya,37.4842993,126.9266142
754,신림패션문화점,서울 관악구 봉천로6길 24,서울 관악구,ediya,37.4885801,126.9254188
755,인헌점,서울 관악구 인헌길 17,서울 관악구,ediya,37.4746876,126.9670201
756,청룡중앙점,서울 관악구 쑥고개로 80,서울 관악구,ediya,37.47917169999999,126.9452559
757,건대로데오점,서울 광진구 아차산로30길 8,서울 광진구,ediya,37.540361,127.0675997
758,건대스타시티2호점,서울 광진구 능동로 92,서울 광진구,ediya,37.5387765,127.0710831
759,건대스타시티점,서울 광진구 아차산로 272,서울 광진구,ediya,37.5376127,127.0726183
760,건대역점,서울 광진구 아차산로 229,서울 광진구,ediya,37.5407487,127.0690014
761,건대후문점,서울 광진구 광나루로 416,서울 광진구,ediya,37.5464057,127.0755739
762,광나루점,서울 광진구 아차산로 624,서울 광진구,ediya,37.5481419,127.1075214
763,광진구청점,서울 광진구 자양로 136,서울 광진구,ediya,37.5397529,127.0833879
764,구의동점,서울 광진구 아차산로 481,서울 광진구,ediya,37.54093140000001,127.0949405
765,구의사거리점,서울 광진구 광나루로 508,서울 광진구,ediya,37.5447592,127.0859475
766,구의역점,서울 광진구 구의로 4,서울 광진구,ediya,37.5382416,127.0892961
767,구의자양로점,서울 광진구 자양로 251,서울 광진구,ediya,37.5489614,127.0892935
768,군자역점,서울 광진구 능동로 290,서울 광진구,ediya,37.5555903,127.0790595
769,동서울터미널점,서울 광진구 구의동,서울 광진구,ediya,37.5466951,127.0914159
770,뚝섬유원지역점,서울 광진구 능동로 21,서울 광진구,ediya,37.5334659,127.0672262
771,세종대정문점,서울 광진구 능동로 261,서울 광진구,ediya,37.5534866,127.0771286
772,세종대후문점,서울 광진구 군자로 109,서울 광진구,ediya,37.5528372,127.0719826
773,아차산역점,서울 광진구 천호대로 663,서울 광진구,ediya,37.55177,127.0902383
774,어린이대공원역점,서울 광진구 광나루로 380,서울 광진구,ediya,37.5475795,127.0718667
775,자양동점,서울 광진구 자양로 46,서울 광진구,ediya,37.5321373,127.0859522
776,자양우성점,서울 광진구 자양번영로 34,서울 광진구,ediya,37.5326803,127.0758338
777,중곡대원점,서울 광진구 용마산로 111,서울 광진구,ediya,37.5635558,127.0866291
778,중곡신성점,서울 광진구 용마산로 37,서울 광진구,ediya,37.5569838,127.0877098
779,중곡역점,서울 광진구 능동로 407,서울 광진구,ediya,37.5653961,127.0837734
780,중곡중앙점,서울 광진구 능동로 330,서울 광진구,ediya,37.5588993,127.0807302
781,개봉북부점,서울 구로구 경인로40길 12,서울 구로구,ediya,37.4961811,126.8591014
782,개봉역점,서울 구로구 남부순환로97길 11,서울 구로구,ediya,37.4941792,126.8583787
783,개봉중앙점,서울 구로구 개봉로3길 26,서울 구로구,ediya,37.48641,126.8548809
784,개봉현대점,서울 구로구 개봉로 69,서울 구로구,ediya,37.4918637,126.8555982
785,고대구로병원점,서울 구로구 구로동로 157,서울 구로구,ediya,37.492533,126.8833543
786,고척사거리점,서울 구로구 고척로 228-6,서울 구로구,ediya,37.5057472,126.8582376
787,고척스카이돔점,서울 구로구 경인로 397,서울 구로구,ediya,37.49777660000001,126.8637523
788,구로NC점,서울 구로구 구로동로 240,서울 구로구,ediya,37.4999675,126.8826973
789,구로거리공원점,서울 구로구 구로중앙로28길 73,서울 구로구,ediya,37.5007554,126.8893254
790,구로고척점,서울 구로구 고척로 149,서울 구로구,ediya,37.50308649999999,126.850169
791,구로궁동점,서울 구로구 오리로 1304,서울 구로구,ediya,37.4977401,126.829378
792,구로미성점,서울 구로구 구로중앙로 228,서울 구로구,ediya,37.5061286,126.8765952
793,구로에이스점,서울 구로구 디지털로33길 11,서울 구로구,ediya,37.4856641,126.8955021
794,구로역광장점,서울 구로구 경인로 572,서울 구로구,ediya,37.5032462,126.8810549
795,구로이마트점,서울 구로구 디지털로32길 43,서울 구로구,ediya,37.4843537,126.89788
796,구로중앙점,서울 구로구 도림로 79,서울 구로구,ediya,37.4900511,126.8920236
797,구로코레일점,서울 구로구 구로중앙로 174,서울 구로구,ediya,37.5023699,126.8814842
798,구로항동지구점,서울 구로구 항동로3길 6,서울 구로구,ediya,37.4868758,126.8246818
799,구일역점,서울 구로구 구일로 110,서울 구로구,ediya,37.4950273,126.872004
800,남구로역점,서울 구로구 디지털로27길 127,서울 구로구,ediya,37.4846716,126.8870975
801,동양미래대학점,서울 구로구 경인로47길 14,서울 구로구,ediya,37.500202,126.8670179
802,메르디앙고척점,서울 구로구 중앙로8길 11,서울 구로구,ediya,37.5028463,126.8630534
803,성공회대점,서울 구로구 연동로 312,서울 구로구,ediya,37.4872294,126.8242853
804,신도림메르디앙점,서울 구로구 신도림로 65,서울 구로구,ediya,37.509516,126.8820471
805,신도림테크노마트점,서울 구로구 새말로 97,서울 구로구,ediya,37.5070431,126.8902185
806,오류남부점,서울 구로구 오류로8길 65,서울 구로구,ediya,37.4926091,126.8437777
807,오류북부역점,서울 구로구 경인로20길 6,서울 구로구,ediya,37.4953312,126.8453162
808,천왕이펜하우스점,서울 구로구 천왕로 36,서울 구로구,ediya,37.4954031,126.887369
809,가산SKV1점,서울 금천구 가산디지털1로 171,서울 금천구,ediya,37.4806318,126.8805702
810,가산그레이트점,서울 금천구 디지털로9길 32,서울 금천구,ediya,37.4794491,126.8874768
811,가산대륭19차점,서울 금천구 가산디지털2로 70,서울 금천구,ediya,37.4746528,126.8822218
812,가산두산위브점,서울 금천구 가산로 111,서울 금천구,ediya,37.4755779,126.8929078
813,가산리더스타워점,서울 금천구 벚꽃로 286,서울 금천구,ediya,37.4803075,126.8841943
814,가산벽산점,서울 금천구 벚꽃로 244,서울 금천구,ediya,37.4767039,126.8857798
815,가산에이스점,서울 금천구 가산디지털1로 196,서울 금천구,ediya,37.4829154,126.8812688
816,가산오거리점,서울 금천구 가산로 155,서울 금천구,ediya,37.4788157,126.8900708
817,가산월드점,서울 금천구 가산디지털2로 123,서울 금천구,ediya,37.4787503,126.8786525
818,가산하이엔드10차점,서울 금천구 가산디지털1로 30,서울 금천구,ediya,37.468635,126.8872075
819,금천롯데마트점,서울 금천구 시흥대로 291,서울 금천구,ediya,37.4506854,126.9012586
820,독산동쌈지공원점,서울 금천구 독산로 276,서울 금천구,ediya,37.47131359999999,126.9032798
821,독산동점,서울 금천구 독산로 218,서울 금천구,ediya,37.4663108,126.9019986
822,독산롯데시네마점,서울 금천구 시흥대로 399,서울 금천구,ediya,37.4693273,126.8970414
823,박미삼거리점,서울 금천구 시흥대로 150,서울 금천구,ediya,37.4475844,126.9036523
824,석수푸르지오점,서울 금천구 삼성산길 11,서울 금천구,ediya,37.4340449,126.9048803
825,세광교회점,서울 금천구 독산로 124,서울 금천구,ediya,37.4582394,126.9056093
826,시흥동점,서울 금천구 시흥동,서울 금천구,ediya,37.4492857,126.9104662
827,시흥사거리점,서울 금천구 시흥대로63길 8,서울 금천구,ediya,37.4549924,126.8991565
828,시흥유통센터점,서울 금천구 시흥대로 88,서울 금천구,ediya,37.4418469,126.9038942
829,시흥중앙점,서울 금천구 금하로 748,서울 금천구,ediya,37.4498371,126.9125411
830,에이스가산포휴점,서울 금천구 가산디지털1로 225,서울 금천구,ediya,37.4851258,126.8787246
831,은행나무사거리점,서울 금천구 금하로 690,서울 금천구,ediya,37.4517558,126.9066215
832,공릉역점,서울 노원구 동일로192길 5,서울 노원구,ediya,37.626035,127.0733753
833,공릉중앙점,서울 노원구 공릉로 146,서울 노원구,ediya,37.623043,127.0795195
834,광운대점,서울 노원구 광운로 29,서울 노원구,ediya,37.6202851,127.0584102
835,노원KT점,서울 노원구 노해로 494,서울 노원구,ediya,37.6545399,127.0629813
836,노원사거리점,서울 노원구 동일로 1393,서울 노원구,ediya,37.6529076,127.0605347
837,노원역2호점,서울 노원구 상계로 64,서울 노원구,ediya,37.6555926,127.0623312
838,노원중앙점,서울 노원구 노원로 452,서울 노원구,ediya,37.6568057,127.0669206
839,당고개역점,서울 노원구 상계로 313,서울 노원구,ediya,37.67078619999999,127.0803617
840,마들역점,서울 노원구 동일로 1541,서울 노원구,ediya,37.66581350000001,127.0569853
841,상계동점,서울 노원구 한글비석로52길 8,서울 노원구,ediya,37.6648446,127.0664584
842,상계역사거리점,서울 노원구 한글비석로 409,서울 노원구,ediya,37.6611031,127.0708473
843,상계역점,서울 노원구 덕릉로 698,서울 노원구,ediya,37.6598008,127.0756283
844,상계중앙점,서울 노원구 동일로 1650,서울 노원구,ediya,37.6754112,127.0555125
845,서울과학기술대점,서울 노원구 공릉로 208,서울 노원구,ediya,37.628258,127.0777683
846,서울여대점,서울 노원구 노원로 3,서울 노원구,ediya,37.6218823,127.0865752
847,석계역점,서울 노원구 석계로3길 3,서울 노원구,ediya,37.6155161,127.0643253
848,세이브존노원점,서울 노원구 한글비석로 57,서울 노원구,ediya,37.6378958,127.0686347
849,수락산역점,서울 노원구 동일로 1689,서울 노원구,ediya,37.6790818,127.0549275
850,원자력병원점,서울 노원구 공릉로46길 6,서울 노원구,ediya,37.6269138,127.0796292
851,월계이마트점,서울 노원구 마들로3길 15,서울 노원구,ediya,37.62644,127.0619091
852,월계인덕점,서울 노원구 광운로22길 39,서울 노원구,ediya,37.6285729,127.0592566
853,월계초교점,서울 노원구 월계동,서울 노원구,ediya,37.6277451,127.0568215
854,은행사거리점,서울 노원구 중계로 201,서울 노원구,ediya,37.6504368,127.0777536
855,중계롯데우성점,서울 노원구 노원로22길 70,서울 노원구,ediya,37.6468513,127.0727677
856,중계본동점,서울 노원구 중계로14바길 2,서울 노원구,ediya,37.6498409,127.0825681
857,중계브라운스톤점,서울 노원구 동일로203가길 29,서울 노원구,ediya,37.6393876,127.0642707
858,중계점,서울 노원구 동일로204가길 34,서울 노원구,ediya,37.6406859,127.0681273
859,중계중앙점,서울 노원구 덕릉로73길 18,서울 노원구,ediya,37.6521367,127.0723076
860,태릉입구역점,서울 노원구 공릉로 105,서울 노원구,ediya,37.6195756,127.077871
861,하계온천점,서울 노원구 노원로 257,서울 노원구,ediya,37.6402321,127.0727435
862,하계을지점,서울 노원구 공릉로 326,서울 노원구,ediya,37.6358505,127.0711596
863,덕성여대점,서울 도봉구 삼양로 542,서울 도봉구,ediya,37.6515523,127.0129588
864,도봉구청점,서울 도봉구 도봉로150길 43,서울 도봉구,ediya,37.6663859,127.0455878
865,도봉보건소사거리점,서울 도봉구 해등로 157,서울 도봉구,ediya,37.6567466,127.0388047
866,도봉산점,서울 도봉구 도봉산길 18,서울 도봉구,ediya,37.6879391,127.0336271
867,도봉역점,서울 도봉구 도봉로 823,서울 도봉구,ediya,37.6778789,127.0447434
868,도봉중앙점,서울 도봉구 도봉로181길 18,서울 도봉구,ediya,37.6842049,127.0448504
869,방학사거리점,서울 도봉구 도봉로 677,서울 도봉구,ediya,37.6648915,127.0423018
870,방학역점,서울 도봉구 도봉로153길 15,서울 도봉구,ediya,37.669757,127.0425203
871,방학점,서울 도봉구 방학로 171,서울 도봉구,ediya,37.6621271,127.0332303
872,방학중앙점,서울 도봉구 도당로13길 22,서울 도봉구,ediya,37.6657273,127.0352862
873,선덕고사거리점,서울 도봉구 해등로 255,서울 도봉구,ediya,37.6573275,127.0282084
874,솔밭공원역점,서울 도봉구 삼양로 594,서울 도봉구,ediya,37.6561172,127.0136407
875,신창점,서울 도봉구 덕릉로 235,서울 도봉구,ediya,37.6388915,127.0380921
876,쌍문동점,서울 도봉구 노해로 162,서울 도봉구,ediya,37.6487826,127.0272818
877,쌍문역점,서울 도봉구 도봉로117길 4,서울 도봉구,ediya,37.6494003,127.034694
878,쌍문중앙점,서울 도봉구 도봉로 519,서울 도봉구,ediya,37.651912,127.0363036
879,창동대우점,서울 도봉구 덕릉로63가길 30,서울 도봉구,ediya,37.6434459,127.0387291
880,창동블루핀점,서울 도봉구 마들로 550,서울 도봉구,ediya,37.6605123,127.049623
881,창동역점,서울 도봉구 마들로11길 65,서울 도봉구,ediya,37.6533575,127.0496609
882,창동제일점,서울 도봉구 노해로70길 81,서울 도봉구,ediya,37.6487061,127.0525283
883,창동중앙점,서울 도봉구 노해로63길 78,서울 도봉구,ediya,37.6525232,127.0463148
884,창동하나로마트점,서울 도봉구 마들로11길 20,서울 도봉구,ediya,37.6553982,127.0521044
885,창동학원가점,서울 도봉구 해등로16길 61,서울 도봉구,ediya,37.65509040000001,127.0433286
886,창동현대타운점,서울 도봉구 도봉로114길 22,서울 도봉구,ediya,37.6473276,127.0356466
887,경희대점,서울 동대문구 경희대로 4,서울 동대문구,ediya,37.591867,127.0525122
888,경희대캠퍼스점,서울 동대문구 경희대로 26,서울 동대문구,ediya,37.5953632,127.0527612
889,답십리사거리점,서울 동대문구 답십리로 145,서울 동대문구,ediya,37.5730325,127.0561006
890,답십리역점,서울 동대문구 천호대로 265,서울 동대문구,ediya,37.568254,127.0513523
891,답십리파크자이점,서울 동대문구 한천로 55,서울 동대문구,ediya,37.5667907,127.0618324
892,동대문구청점,서울 동대문구 천호대로 153-1,서울 동대문구,ediya,37.57357450000001,127.0406264
893,동부병원사거리점,서울 동대문구 무학로 104,서울 동대문구,ediya,37.5735046,127.0309651
894,배봉초교사거리점,서울 동대문구 답십리로63길 131,서울 동대문구,ediya,37.5784698,127.069321
895,서울시립대점,서울 동대문구 서울시립대로 164,서울 동대문구,ediya,37.583249,127.0548191
896,신설동역점,서울 동대문구 천호대로 11-3,서울 동대문구,ediya,37.5750074,127.024932
897,외대점,서울 동대문구 휘경로 12,서울 동대문구,ediya,37.59582040000001,127.0612654
898,용두동사거리점,서울 동대문구 왕산로 68,서울 동대문구,ediya,37.5774477,127.0308778
899,용두동점,서울 동대문구 고산자로 413-1,서울 동대문구,ediya,37.5766232,127.0379189
900,이문점,서울 동대문구 신이문로 19,서울 동대문구,ediya,37.6031045,127.064235
901,장안동사거리점,서울 동대문구 답십리로 309,서울 동대문구,ediya,37.572295,127.0748317
902,장안동점,서울 동대문구 장한로 43,서울 동대문구,ediya,37.5650632,127.0666931
903,장안중랑천점,서울 동대문구 장한로18길 32,서울 동대문구,ediya,37.5674947,127.0707583
904,장안중앙점,서울 동대문구 사가정로25길 42,서울 동대문구,ediya,37.5806425,127.0709617
905,장한평군자초교점,서울 동대문구 한천로2길 53,서울 동대문구,ediya,37.5627974,127.0613958
906,전농뉴타운점,서울 동대문구 답십리로 77,서울 동대문구,ediya,37.5750329,127.0496055
907,전농사거리점,서울 동대문구 사가정로 132,서울 동대문구,ediya,37.5775568,127.0595101
908,청량리점,서울 동대문구 왕산로 225,서울 동대문구,ediya,37.5820032,127.047128
909,촬영소사거리점,서울 동대문구 답십리로 264,서울 동대문구,ediya,37.5722268,127.0694723
910,회기역점,서울 동대문구 망우로 67,서울 동대문구,ediya,37.5898645,127.0605906
911,회기역중앙점,서울 동대문구 회기로 194-1,서울 동대문구,ediya,37.5897957,127.0574889
912,남성역점,서울 동작구 사당로17가길 13,서울 동작구,ediya,37.4837726,126.9734022
913,노들점,서울 동작구 노량진로 200,서울 동작구,ediya,37.5128665,126.947914
914,노량진CTS점,서울 동작구 노량진로 110,서울 동작구,ediya,37.5131457,126.9380262
915,노량진드림스퀘어점,서울 동작구 노들로2길 7,서울 동작구,ediya,37.5142855,126.9385304
916,노량진역사점,서울 동작구 노량진로 지하 130,서울 동작구,ediya,37.5129475,126.9416654
917,대림성모점,서울 동작구 시흥대로 658,서울 동작구,ediya,37.4903375,126.9080654
918,대방역점,서울 동작구 노량진로 24,서울 동작구,ediya,37.512849,126.9283252
919,보라매공원점,서울 동작구 여의대방로 90,서울 동작구,ediya,37.496767,126.9166468
920,보라매점,서울 동작구 보라매로5가길 16,서울 동작구,ediya,37.4912431,126.9240825
921,사당역점,서울 동작구 동작대로7길 100,서울 동작구,ediya,37.4771207,126.9775204
922,사당점,서울 동작구 동작대로 45,서울 동작구,ediya,37.4807275,126.9814704
923,상도역점,서울 동작구 상도로 277,서울 동작구,ediya,37.502774,126.9483282
924,상도중앙점,서울 동작구 만양로 17,서울 동작구,ediya,37.5061645,126.9471926
925,숭실대점,서울 동작구 사당로 2,서울 동작구,ediya,37.4954274,126.9546782
926,신대방삼거리점,서울 동작구 상도로 78,서울 동작구,ediya,37.4995056,126.9291357
927,신상도초교점,서울 동작구 양녕로 183,서울 동작구,ediya,37.497676,126.9431874
928,이수중앙점,서울 동작구 사당로 285,서울 동작구,ediya,37.4846165,126.9791799
929,중앙대점,서울 동작구 흑석로 79,서울 동작구,ediya,37.5069892,126.9584078
930,중앙대후문점,서울 동작구 흑석로 20,서울 동작구,ediya,37.5047935,126.9530208
931,총신대입구역점,서울 동작구 동작대로 119-1,서울 동작구,ediya,37.487267,126.9818565
932,총신대점,서울 동작구 사당로16가길 96,서울 동작구,ediya,37.4850653,126.9688107
933,해군회관점,서울 동작구 여의대방로 194,서울 동작구,ediya,37.5042167,126.9222519
934,공덕롯데캐슬점,서울 마포구 마포대로 109,서울 마포구,ediya,37.5448909,126.9506066
935,공덕점,서울 마포구 마포대로8길 15,서울 마포구,ediya,37.5463856,126.9540496
936,광흥창역점,서울 마포구 창전로 45,서울 마포구,ediya,37.5465423,126.9317948
937,대흥역점,서울 마포구 백범로 100,서울 마포구,ediya,37.54746,126.942357
938,동교중앙점,서울 마포구 동교로27길 8,서울 마포구,ediya,37.5587392,126.9230221
939,마포공덕역점,서울 마포구 새창로 6,서울 마포구,ediya,37.5420448,126.9504383
940,마포구청점,서울 마포구 월드컵로 196,서울 마포구,ediya,37.5647641,126.9027386
941,마포데시앙점,서울 마포구 독막로 320,서울 마포구,ediya,37.5429247,126.9478595
942,마포성산시영점,서울 마포구 월드컵북로 210,서울 마포구,ediya,37.5691841,126.9057901
943,마포점,서울 마포구 도화길 10,서울 마포구,ediya,37.5397641,126.9473823
944,망리단길점,서울 마포구 포은로 81-1,서울 마포구,ediya,37.5543031,126.9052551
945,망원역점,서울 마포구 월드컵로 82-1,서울 마포구,ediya,37.5563256,126.9101884
946,망원중앙점,서울 마포구 월드컵로 147,서울 마포구,ediya,37.56075999999999,126.905464
947,상수역점,서울 마포구 와우산로 41-1,서울 마포구,ediya,37.5482086,126.9228014
948,상암DMC점,서울 마포구 월드컵북로 396,서울 마포구,ediya,37.5791192,126.8902941
949,상암KBS점,서울 마포구 월드컵북로 375,서울 마포구,ediya,37.5773051,126.8906358
950,상암우리기술점,서울 마포구 월드컵북로56길 9,서울 마포구,ediya,37.5813475,126.887425
951,상암한샘점,서울 마포구 성암로13길 58,서울 마포구,ediya,37.5756558,126.8977097
952,상암홈플러스점,서울 마포구 월드컵로 240,서울 마포구,ediya,37.5677584,126.8981147
953,서강대점,서울 마포구 백범로 34,서울 마포구,ediya,37.5516659,126.9373157
954,서교동점,서울 마포구 와우산로29길 70,서울 마포구,ediya,37.5563162,126.9265746
955,성산점,서울 마포구 월드컵북로 137,서울 마포구,ediya,37.5647835,126.9116386
956,성산중앙점,서울 마포구 성미산로 78,서울 마포구,ediya,37.5615164,126.9194136
957,신촌그랑자이점,서울 마포구 대흥로 183,서울 마포구,ediya,37.5554011,126.9457092
958,신촌로터리점,서울 마포구 서강로 135,서울 마포구,ediya,37.554477,126.9354016
959,신촌숲아이파크점,서울 마포구 광성로 17,서울 마포구,ediya,37.5499797,126.934979
960,애오개역점,서울 마포구 마포대로 208,서울 마포구,ediya,37.5524425,126.9568124
961,오벨리스크점,서울 마포구 마포대로 33,서울 마포구,ediya,37.5399759,126.9454625
962,한강공원로점,서울 마포구 망원로 21,서울 마포구,ediya,37.5563164,126.8993901
963,합정LIG점,서울 마포구 양화로1길 21,서울 마포구,ediya,37.5494407,126.9103713
964,합정동점,서울 마포구 양화로6길 90,서울 마포구,ediya,37.5481933,126.919058
965,합정역사거리점,서울 마포구 독막로2길 5,서울 마포구,ediya,37.548217,126.914866
966,합정역점,서울 마포구 양화로11길 54,서울 마포구,ediya,37.5520737,126.91491
967,합정홈플러스점,서울 마포구 양화로 45,서울 마포구,ediya,37.5489656,126.9134767
968,홍대중앙점,서울 마포구 양화로 124,서울 마포구,ediya,37.5542126,126.9207762
969,홍대청기와점,서울 마포구 월드컵북로 7,서울 마포구,ediya,37.5555692,126.9206333
970,홍대학원가점,서울 마포구 와우산로 148,서울 마포구,ediya,37.5541014,126.929644
971,가재울점,서울 서대문구 수색로 100,서울 서대문구,ediya,37.57283839999999,126.9123903
972,가재울중앙점,서울 서대문구 가재울미래로 2,서울 서대문구,ediya,37.5791158,126.9367789
973,독립문통일로점,서울 서대문구 영천동,서울 서대문구,ediya,37.5699488,126.9563277
974,동교동점,서울 서대문구 신촌로 5,서울 서대문구,ediya,37.5586394,126.9276992
975,명지대점,서울 서대문구 거북골로 35,서울 서대문구,ediya,37.5793331,126.9239019
976,명지전문대점,서울 서대문구 가좌로 140,서울 서대문구,ediya,37.5845413,126.9241326
977,무악재역점,서울 서대문구 홍제동,서울 서대문구,ediya,37.58551120000001,126.9489831
978,북가좌동점,서울 서대문구 증가로 257,서울 서대문구,ediya,37.5834139,126.9115259
979,서대문구청점,서울 서대문구 연희로 237,서울 서대문구,ediya,37.578217,126.9356558
980,서대문점,서울 서대문구 냉천동,서울 서대문구,ediya,37.5668216,126.962263
981,신촌기차역점,서울 서대문구 신촌역로 35,서울 서대문구,ediya,37.5589365,126.9414455
982,신촌역점,서울 서대문구 신촌로 87-20,서울 서대문구,ediya,37.5564288,126.9364287
983,아현역점,서울 서대문구 신촌로35길 10,서울 서대문구,ediya,37.5577978,126.9554328
984,연남동점,서울 서대문구 연희로 42,서울 서대문구,ediya,37.5623305,126.9278489
985,연대서문점,서울 서대문구 연희로10길 86,서울 서대문구,ediya,37.5636727,126.933677
986,연세대점,서울 서대문구 연세로12길 10,서울 서대문구,ediya,37.5588209,126.9375073
987,연희삼거리점,서울 서대문구 연희로 117,서울 서대문구,ediya,37.5682728,126.9318184
988,이화여대점,서울 서대문구 이화여대길 26,서울 서대문구,ediya,37.5579609,126.9460081
989,충정로3가점,서울 서대문구 경기대로 26-26,서울 서대문구,ediya,37.5615704,126.9626807
990,홍은사거리점,서울 서대문구 통일로 510,서울 서대문구,ediya,37.5932986,126.9412919
991,홍제역점,서울 서대문구 홍제동,서울 서대문구,ediya,37.58551120000001,126.9489831
992,강남센트럴시티점,서울 서초구 신반포로 176,서울 서초구,ediya,37.5041299,127.0030692
993,교대역점,서울 서초구 서초대로56길 22,서울 서초구,ediya,37.4934457,127.0170958
994,교육개발원사거리점,서울 서초구 바우뫼로 180,서울 서초구,ediya,37.4782389,127.0398035
995,국립중앙도서관디지털관점,서울 서초구 반포대로 201,서울 서초구,ediya,37.4971902,127.0033029
996,국립중앙도서관본관점,서울 서초구 반포대로 201,서울 서초구,ediya,37.4971902,127.0033029
997,남부터미널점,서울 서초구 서초동,서울 서초구,ediya,37.4876872,127.0174271
998,내방역점,서울 서초구 서초대로 108,서울 서초구,ediya,37.4875268,126.9941918
999,반포지하상가점,서울 서초구 신반포로 지하 200,서울 서초구,ediya,37.5041437,126.9970518
1000,방배백석점,서울 서초구 방배로 42,서울 서초구,ediya,37.478696,126.9997564
1001,방배역점,서울 서초구 방배로 87,서울 서초구,ediya,37.482139,126.9968963
1002,방배중앙점,서울 서초구 동광로 1,서울 서초구,ediya,37.4910362,126.9830198
1003,서울고교점,서울 서초구 서초동,서울 서초구,ediya,37.4876872,127.0174271
1004,서울고속버스터미널점,서울 서초구 신반포로 194,서울 서초구,ediya,37.5054942,127.006719
1005,서울교대점,서울 서초구 서초동,서울 서초구,ediya,37.4876872,127.0174271
1006,서초법조타운점,서울 서초구 서초중앙로24길 7,서울 서초구,ediya,37.4947529,127.0144754
1007,서초역점,서울 서초구 서초동,서울 서초구,ediya,37.4876872,127.0174271
1008,서초우면중앙점,서울 서초구 양재대로2길 100-11,서울 서초구,ediya,37.4644963,127.0417509
1009,서초점,서울 서초구 서초대로48길 16,서울 서초구,ediya,37.4920152,127.0113078
1010,신논현역점,서울 서초구 강남대로79길 10,서울 서초구,ediya,37.5052523,127.0231968
1011,양재언남점,서울 서초구 동산로 60,서울 서초구,ediya,37.4716597,127.0454069
1012,양재점,서울 서초구 남부순환로347길 38,서울 서초구,ediya,37.4859875,127.0314737
1013,양재중앙점,서울 서초구 강남대로 221,서울 서초구,ediya,37.4835322,127.0342247
1014,양재하나로마트점,서울 서초구 청계산로 10,서울 서초구,ediya,37.4629917,127.0434134
1015,예술의전당점,서울 서초구 반포대로 32,서울 서초구,ediya,37.4833916,127.0121078
1016,우면동점,서울 서초구 바우뫼로 20,서울 서초구,ediya,37.4699393,127.0252776
1017,잠원논현점,서울 서초구 신반포로 333,서울 서초구,ediya,37.5108882,127.0201282
1018,청계산입구역점,서울 서초구 신원동,서울 서초구,ediya,37.4446745,127.0614206
1019,포이점,서울 서초구 마방로10길 42,서울 서초구,ediya,37.475593,127.0445372
1020,함지박사거리점,서울 서초구 방배로 234 우신빌딩,서울 서초구,ediya,37.4780738,127.0007198
1021,논골사거리점,서울 성동구 난계로 35,서울 성동구,ediya,37.5554834,127.0244633
1022,답십리로데오점,서울 성동구 용답19길 17-1,서울 성동구,ediya,37.5637339,127.052529
1023,뚝섬역점,서울 성동구 상원길 38-1,서울 성동구,ediya,37.5473256,127.048794
1024,마장동점,서울 성동구 고산자로 339-2,서울 성동구,ediya,37.5699814,127.0373421
1025,마장역점,서울 성동구 마장로 293-1,서울 성동구,ediya,37.5659109,127.0421543
1026,상왕십리역점,서울 성동구 무학봉15길 27,서울 성동구,ediya,37.5636352,127.0301592
1027,서울숲역점,서울 성동구 왕십리로 96-1,서울 성동구,ediya,37.5462569,127.044874
1028,성동구청점,서울 성동구 고산자로 269,서울 성동구,ediya,37.5636603,127.0357573
1029,성수2가점,서울 성동구 성덕정길 106,서울 성동구,ediya,37.5371206,127.0550961
1030,성수아카데미점,서울 성동구 성수이로 118,서울 성동구,ediya,37.5451437,127.0578284
1031,성수우리W타워점,서울 성동구 아차산로15길 19,서울 성동구,ediya,37.5447256,127.0621362
1032,성수중앙점,서울 성동구 성수일로6길 47,서울 성동구,ediya,37.5442438,127.0552721
1033,신금호역점,서울 성동구 금호산길 64,서울 성동구,ediya,37.5538555,127.0196077
1034,옥수동점,서울 성동구 매봉길 12,서울 성동구,ediya,37.5452467,127.0156749
1035,옥수역점,서울 성동구 한림말5길 9,서울 성동구,ediya,37.5419719,127.0167024
1036,왕십리비트플렉스점,서울 성동구 왕십리광장로 17,서울 성동구,ediya,37.5621482,127.0379421
1037,왕십리센트라스점,서울 성동구 무학로 22,서울 성동구,ediya,37.5660457,127.0302943
1038,왕십리역점,서울 성동구 왕십리로 309,서울 성동구,ediya,37.5612833,127.0345304
1039,응봉동점,서울 성동구 독서당로 381,서울 성동구,ediya,37.5509707,127.0309944
1040,장한평역점,서울 성동구 천호대로 426,서울 성동구,ediya,37.560746,127.0662025
1041,텐즈힐점,서울 성동구 무학로 33,서울 성동구,ediya,37.5664459,127.030702
1042,한양대점,서울 성동구 사근동길 4,서울 성동구,ediya,37.5598989,127.0415624
1043,행당동점,서울 성동구 고산자로 201,서울 성동구,ediya,37.5580159,127.0337407
1044,고대개운점,서울 성북구 개운사길 30,서울 성북구,ediya,37.5876534,127.0294038
1045,고대점,서울 성북구 고려대로24길 35,서울 성북구,ediya,37.59040299999999,127.035926
1046,국민대점,서울 성북구 정릉로9라길 8,서울 성북구,ediya,37.6111263,127.0003764
1047,길음뉴타운점,서울 성북구 길음로 74,서울 성북구,ediya,37.6097759,127.0206116
1048,돈암동점,서울 성북구 동소문로 119,서울 성북구,ediya,37.5937743,127.0178862
1049,돈암아리랑점,서울 성북구 아리랑로 75,서울 성북구,ediya,37.5991068,127.0137948
1050,돌곶이역점,서울 성북구 돌곶이로22길 3,서울 성북구,ediya,37.6101594,127.058086
1051,동덕여대점,서울 성북구 화랑로 99,서울 성북구,ediya,37.6034496,127.0426676
1052,동소문동점,서울 성북구 동소문로13길 5,서울 성북구,ediya,37.5920114,127.0128569
1053,보문역점,서울 성북구 보문로 111,서울 성북구,ediya,37.5849003,127.0193241
1054,석계중앙점,서울 성북구 화랑로40길 61,서울 성북구,ediya,37.6130719,127.0627789
1055,석관동점,서울 성북구 돌곶이로8길 22,서울 성북구,ediya,37.606749,127.0625109
1056,성신여대역점,서울 성북구 동소문로17길 40,서울 성북구,ediya,37.5938945,127.0158713
1057,성신여대점,서울 성북구 보문로34길 100,서울 성북구,ediya,37.5911844,127.020776
1058,안암래미안점,서울 성북구 보문로30가길 42,서울 성북구,ediya,37.5889656,127.02202
1059,월곡1동점,서울 성북구 오패산로 99,서울 성북구,ediya,37.6107208,127.0351251
1060,월곡동아점,서울 성북구 장월로1길 47,서울 성북구,ediya,37.606215,127.0456787
1061,월곡중앙점,서울 성북구 종암로 167,서울 성북구,ediya,37.602119,127.0332133
1062,장위2동점,서울 성북구 화랑로25길 14,서울 성북구,ediya,37.6092663,127.0524388
1063,장위뉴타운점,서울 성북구 장월로 144-1,서울 성북구,ediya,37.6176579,127.0510126
1064,장위동점,서울 성북구 월계로40길 7,서울 성북구,ediya,37.6228267,127.048397
1065,장위북서울꿈의숲점,서울 성북구 돌곶이로41가길 2,서울 성북구,ediya,37.6185575,127.0455923
1066,장위중앙점,서울 성북구 장위로 35,서울 성북구,ediya,37.6144277,127.0407678
1067,정릉뉴타운점,서울 성북구 정릉로 307,서울 성북구,ediya,37.6032405,127.0182023
1068,정릉아리랑점,서울 성북구 북악산로 851,서울 성북구,ediya,37.599785,127.0193858
1069,정릉점,서울 성북구 보국문로 77,서울 성북구,ediya,37.6111065,127.0086007
1070,정릉중앙점,서울 성북구 정릉로 251,서울 성북구,ediya,37.6046666,127.0119116
1071,종암동점,서울 성북구 종암로 105,서울 성북구,ediya,37.5994896,127.0339384
1072,하월곡동점,서울 성북구 오패산로 16,서울 성북구,ediya,37.6035972,127.0375512
1073,한성대역점,서울 성북구 동소문로 19,서울 성북구,ediya,37.5894891,127.008087
1074,한성대점,서울 성북구 삼선교로 10,서울 성북구,ediya,37.5877048,127.0068833
1075,가든파이브점,서울 송파구 충민로 10,서울 송파구,ediya,37.4782316,127.1193703
1076,가든파이브테크노관점,서울 송파구 충민로 66,서울 송파구,ediya,37.4775778,127.1249983
1077,가락몰점,서울 송파구 양재대로 932,서울 송파구,ediya,37.492994,127.112326
1078,가락중앙점,서울 송파구 송이로 87,서울 송파구,ediya,37.4982843,127.1207781
1079,개롱역점,서울 송파구 오금로 407,서울 송파구,ediya,37.4979912,127.135763
1080,거여점,서울 송파구 오금로 497,서울 송파구,ediya,37.4934491,127.1441973
1081,마천사거리점,서울 송파구 마천로 264,서울 송파구,ediya,37.4980378,127.1461353
1082,문정KDU타워점,서울 송파구 정의로 70,서울 송파구,ediya,37.5145437,127.1065971
1083,문정문현점,서울 송파구 새말로8길 30,서울 송파구,ediya,37.4800957,127.1266355
1084,문정중앙점,서울 송파구 문정로 31-1,서울 송파구,ediya,37.4864701,127.1263126
1085,문정테라타워점,서울 송파구 송파대로 167,서울 송파구,ediya,37.4856859,127.1193237
1086,방이미성점,서울 송파구 오금로 251,서울 송파구,ediya,37.5060802,127.1222351
1087,방이시장점,서울 송파구 백제고분로48길 3,서울 송파구,ediya,37.51180069999999,127.1137457
1088,방이역점,서울 송파구 위례성대로18길 32,서울 송파구,ediya,37.5095235,127.1247104
1089,방이초교점,서울 송파구 가락로 280,서울 송파구,ediya,37.5127115,127.1199902
1090,삼전역점,서울 송파구 백제고분로 263,서울 송파구,ediya,37.5027433,127.0957873
1091,서울삼성내과점,서울 송파구 백제고분로 126,서울 송파구,ediya,37.5061322,127.0807397
1092,석촌백제점,서울 송파구 백제고분로39길 15,서울 송파구,ediya,37.5056259,127.1044412
1093,석촌사거리점,서울 송파구 송파대로 409,서울 송파구,ediya,37.5034635,127.1082718
1094,석촌역점,서울 송파구 송파대로 456,서울 송파구,ediya,37.5071619,127.1058265
1095,송파동점,서울 송파구 백제고분로41길 5,서울 송파구,ediya,37.5066981,127.1083724
1096,송파문정점,서울 송파구 송이로 159,서울 송파구,ediya,37.4929217,127.1253339
1097,송파올림픽훼미리타운점,서울 송파구 중대로 24,서울 송파구,ediya,37.4885861,127.1153362
1098,송파위례점,서울 송파구 위례광장로 188,서울 송파구,ediya,37.4850892,127.1332182
1099,송파잠실점,서울 송파구 삼전로 95,서울 송파구,ediya,37.5069289,127.0898316
1100,송파파인타운점,서울 송파구 충민로2길 28,서울 송파구,ediya,37.4772734,127.1273388
1101,송파풍납점,서울 송파구 강동대로9길 17-1,서울 송파구,ediya,37.5280621,127.11653
1102,송파하비오점,서울 송파구 송파대로 111,서울 송파구,ediya,37.4856859,127.1193237
1103,송파한양점,서울 송파구 가락로 165,서울 송파구,ediya,37.5037323,127.1135741
1104,오금점,서울 송파구 오금로 306,서울 송파구,ediya,37.502857,127.1261081
1105,오금중앙점,서울 송파구 위례성대로22길 18,서울 송파구,ediya,37.5086478,127.1303421
1106,올림픽공원점,서울 송파구 올림픽로 354,서울 송파구,ediya,37.5160676,127.109727
1107,올림픽프라자점,서울 송파구 양재대로 1222,서울 송파구,ediya,37.5157197,127.1322328
1108,위례아이파크점,서울 송파구 위례광장로 136,서울 송파구,ediya,37.4850892,127.1332182
1109,위례포레샤인점,서울 송파구 위례순환로 477,서울 송파구,ediya,37.5145437,127.1065971
1110,잠실나루역점,서울 송파구 올림픽로35길 104,서울 송파구,ediya,37.5188607,127.0992536
1111,잠실본동점,서울 송파구 백제고분로 172,서울 송파구,ediya,37.5046895,127.0858334
1112,잠실역점,서울 송파구 송파대로 567,서울 송파구,ediya,37.51519400000001,127.0948475
1113,종합운동장역점,서울 송파구 올림픽로 76,서울 송파구,ediya,37.5115209,127.0791737
1114,CBS본사점,서울 양천구 목동서로 159-1,서울 양천구,ediya,37.52821350000001,126.8749471
1115,강서초교점,서울 양천구 오목로 48,서울 양천구,ediya,37.5220241,126.8429393
1116,목3동점,서울 양천구 목동중앙북로 38,서울 양천구,ediya,37.5468869,126.8672611
1117,목4동점,서울 양천구 목동중앙본로7길 46,서울 양천구,ediya,37.5394371,126.86612
1118,목동남부점,서울 양천구 목동남로 46,서울 양천구,ediya,37.5087155,126.8647187
1119,목동등촌로점,서울 양천구 등촌로 180,서울 양천구,ediya,37.5456026,126.8627246
1120,목동로데오점,서울 양천구 목동로 219,서울 양천구,ediya,37.5279211,126.8637907
1121,목동센트럴아이파크위브점,서울 양천구 남부순환로 603,서울 양천구,ediya,37.5151785,126.8406797
1122,목동신목점,서울 양천구 목동중앙로 85,서울 양천구,ediya,37.5369691,126.8714743
1123,목동신트리점,서울 양천구 신정로 312,서울 양천구,ediya,37.51320200000001,126.8555044
1124,목동아델리체점,서울 양천구 중앙로43길 14,서울 양천구,ediya,37.5193016,126.8523026
1125,목동역점,서울 양천구 오목로 227,서울 양천구,ediya,37.526041,126.8627071
1126,목동중앙점,서울 양천구 목동서로 287,서울 양천구,ediya,37.5214762,126.8690651
1127,목동파라곤점,서울 양천구 목동서로 155,서울 양천구,ediya,37.5293136,126.8751264
1128,목동파리공원점,서울 양천구 목동동로 379,서울 양천구,ediya,37.5355702,126.8787085
1129,서남병원점,서울 양천구 신정동,서울 양천구,ediya,37.5166014,126.8638714
1130,신월5동점,서울 양천구 화곡로 50,서울 양천구,ediya,37.5391278,126.8274379
1131,신월7동점,서울 양천구 지양로 79,서울 양천구,ediya,37.5223947,126.8329818
1132,신월사거리점,서울 양천구 남부순환로 353,서울 양천구,ediya,37.5356284,126.8289172
1133,신월신곡시장점,서울 양천구 신월로 172,서울 양천구,ediya,37.5182621,126.8426399
1134,신정교점,서울 양천구 신목로 36,서울 양천구,ediya,37.5188009,126.8737695
1135,신정네거리역점,서울 양천구 중앙로 282,서울 양천구,ediya,37.5215126,126.8525663
1136,신정서부점,서울 양천구 신정로11길 50-15,서울 양천구,ediya,37.5121775,126.8383361
1137,신정역점,서울 양천구 오목로 155,서울 양천구,ediya,37.5249251,126.854642
1138,양천구청점,서울 양천구 목동동로 63,서울 양천구,ediya,37.5152752,126.8623016
1139,오목교대학학원점,서울 양천구 오목로 319,서울 양천구,ediya,37.5250374,126.8730535
1140,오목교역점,서울 양천구 신목로 102,서울 양천구,ediya,37.5235593,126.8757535
1141,KBS별관점,서울 영등포구 국제금융로8길 27-9,서울 영등포구,ediya,37.5196329,126.9289194
1142,국회대로점,서울 영등포구 국회대로72길 4,서울 영등포구,ediya,37.5302939,126.9199036
1143,국회의사당역점,서울 영등포구 의사당대로 22,서울 영등포구,ediya,37.5268293,126.91783
1144,남부고용센터점,서울 영등포구 양산로 71,서울 영등포구,ediya,37.5249901,126.8910908
1145,당산버드나루점,서울 영등포구 버드나루로 87,서울 영등포구,ediya,37.5258905,126.9086357
1146,당산역점,서울 영등포구 당산로 222,서울 영등포구,ediya,37.533212,126.9022778
1147,당산중앙점,서울 영등포구 당산로 159,서울 영등포구,ediya,37.5288079,126.8975566
1148,대림1동점,서울 영등포구 도림로 198,서울 영등포구,ediya,37.4963889,126.9028182
1149,대림3동점,서울 영등포구 대림로 212,서울 영등포구,ediya,37.4995567,126.8981452
1150,대림역점,서울 영등포구 도림로31길 2,서울 영등포구,ediya,37.4924907,126.8959161
1151,도림사거리점,서울 영등포구 도림로 326,서울 영등포구,ediya,37.5065486,126.9018065
1152,도림점,서울 영등포구 도신로15길 40,서울 영등포구,ediya,37.5085713,126.8965694
1153,라이프점,서울 영등포구 63로 40,서울 영등포구,ediya,37.5196187,126.93912
1154,문래역점,서울 영등포구 문래로 89,서울 영등포구,ediya,37.5196161,126.8919362
1155,보라매역점,서울 영등포구 여의대방로 141,서울 영등포구,ediya,37.4996294,126.9199734
1156,서여의도점,서울 영등포구 국회대로72길 17,서울 영등포구,ediya,37.5295205,126.9212475
1157,선유도역점,서울 영등포구 양평로 126,서울 영등포구,ediya,37.5381615,126.893892
1158,신길성애병원점,서울 영등포구 여의대방로53길 27,서울 영등포구,ediya,37.5118321,126.9215338
1159,신길썬프라자점,서울 영등포구 신길로 42,서울 영등포구,ediya,37.496429,126.9086066
1160,신길아이파크점,서울 영등포구 도림로 280,서울 영등포구,ediya,37.5029,126.9042022
1161,신길역점,서울 영등포구 영등포로 353,서울 영등포구,ediya,37.5150289,126.918074
1162,신길중앙점,서울 영등포구 도신로 229,서울 영등포구,ediya,37.5121582,126.9165036
1163,신풍역점,서울 영등포구 신풍로 52-1,서울 영등포구,ediya,37.49990469999999,126.9117746
1164,양평동2가점,서울 영등포구 선유서로25길 19,서울 영등포구,ediya,37.5248443,126.8842256
1165,여의나루역점,서울 영등포구 여의나루로 113,서울 영등포구,ediya,37.52601629999999,126.9307571
1166,여의도농협재단점,서울 영등포구 국제금융로8길 2,서울 영등포구,ediya,37.5219749,126.9300353
1167,여의도역점,서울 영등포구 의사당대로 108,서울 영등포구,ediya,37.5199076,126.9245387
1168,영등포knk점,서울 영등포구 영신로 220,서울 영등포구,ediya,37.5194726,126.9036448
1169,영등포구청점,서울 영등포구 당산로 110,서울 영등포구,ediya,37.5244574,126.8965606
1170,영등포그랜드점,서울 영등포구 양산로9길 15,서울 영등포구,ediya,37.5263235,126.888719
1171,영등포본동점,서울 영등포구 영신로19길 15,서울 영등포구,ediya,37.5138185,126.9060085
1172,영등포시장점,서울 영등포구 영등포로35길 19,서울 영등포구,ediya,37.5218347,126.9042296
1173,영등포아크로타워점,서울 영등포구 국회대로54길 10,서울 영등포구,ediya,37.5244579,126.9076599
1174,영등포에이스점,서울 영등포구 경인로 775,서울 영등포구,ediya,37.51466569999999,126.8984728
1175,영등포점,서울 영등포구 영중로 16-1,서울 영등포구,ediya,37.5178384,126.9061478
1176,영등포중앙점,서울 영등포구 영중로 37,서울 영등포구,ediya,37.5193148,126.9046511
1177,영등포코레일점,서울 영등포구 경인로 846,서울 영등포구,ediya,37.5154709,126.9066823
1178,영등포홈플러스점,서울 영등포구 당산로 42,서울 영등포구,ediya,37.5181712,126.8959156
1179,한강성심병원점,서울 영등포구 버드나루로 51,서울 영등포구,ediya,37.5230343,126.910588
1180,한국수출입은행점,서울 영등포구 은행로 38,서울 영등포구,ediya,37.52859309999999,126.9233935
1181,힐스테이트클래시안점,서울 영등포구 신길로28길 9,서울 영등포구,ediya,37.5030167,126.9116526
1182,IBK고객센터점,서울 용산구 한남대로 72,서울 용산구,ediya,37.5350224,127.0070392
1183,동부이촌동점,서울 용산구 이촌로77길 19,서울 용산구,ediya,37.52040119999999,126.974878
1184,동자동점,서울 용산구 후암로 93,서울 용산구,ediya,37.5533136,126.975103
1185,삼각지점,서울 용산구 한강대로 138,서울 용산구,ediya,37.5314076,126.9704415
1186,숙대입구역점,서울 용산구 한강대로 289,서울 용산구,ediya,37.5440208,126.9719508
1187,순천향병원점,서울 용산구 대사관로 72,서울 용산구,ediya,37.5330587,127.0059327
1188,용문점,서울 용산구 원효로41길 73,서울 용산구,ediya,37.5358104,126.9611254
1189,용산원효점,서울 용산구 원효로 70,서울 용산구,ediya,37.5324502,126.951608
1190,용산중앙점,서울 용산구 한강대로 52-1,서울 용산구,ediya,37.5253759,126.9646641
1191,용산청파점,서울 용산구 청파로71길 10,서울 용산구,ediya,37.5494246,126.9693891
1192,용산효창점,서울 용산구 효창원로66길 2,서울 용산구,ediya,37.5405259,126.9621825
1193,용산후암점,서울 용산구 후암로 40-2,서울 용산구,ediya,37.5495172,126.9776594
1194,원효로점,서울 용산구 원효로 257,서울 용산구,ediya,37.5405279,126.9691008
1195,이태원역점,서울 용산구 이태원로 176,서울 용산구,ediya,37.5342303,126.9934155
1196,갈현점,서울 은평구 갈현로 268,서울 은평구,ediya,37.6122498,126.9132786
1197,구산역점,서울 은평구 연서로 148,서울 은평구,ediya,37.6119567,126.9176102
1198,구파발역점,서울 은평구 진관2로 29-21,서울 은평구,ediya,37.6361626,126.9198605
1199,녹번동점,서울 은평구 진흥로 156,서울 은평구,ediya,37.6086912,126.9269617
1200,녹번중앙점,서울 은평구 통일로 635,서울 은평구,ediya,37.6033465,126.9345436
1201,독바위역점,서울 은평구 불광로 128,서울 은평구,ediya,37.6180771,126.9333072
1202,백련산아이파크점,서울 은평구 응암로 264,서울 은평구,ediya,37.5952388,126.9188557
1203,본서부병원점,서울 은평구 응암로 337,서울 은평구,ediya,37.6012694,126.9221138
1204,불광역점,서울 은평구 통일로 731,서울 은평구,ediya,37.6104759,126.9292194
1205,불광연서로점,서울 은평구 연서로 275,서울 은평구,ediya,37.620897,126.9248425
1206,불광중앙점,서울 은평구 불광로 59,서울 은평구,ediya,37.6122908,126.9317226
1207,새절역점,서울 은평구 가좌로 272,서울 은평구,ediya,37.5931495,126.913582
1208,수색역점,서울 은평구 수색로 250,서울 은평구,ediya,37.5818859,126.8963113
1209,역촌동점,서울 은평구 갈현로 82,서울 은평구,ediya,37.6052307,126.9106701
1210,역촌사거리점,서울 은평구 서오릉로 100,서울 은평구,ediya,37.60888310000001,126.9209257
1211,역촌진흥로점,서울 은평구 진흥로1길 3,서울 은평구,ediya,37.6007275,126.91862
1212,연신내역점,서울 은평구 통일로 855-9,서울 은평구,ediya,37.618854,126.9198697
1213,연신내중앙점,서울 은평구 통일로 825,서울 은평구,ediya,37.6170165,126.9226896
1214,연신내통일로점,서울 은평구 통일로 876,서울 은평구,ediya,37.6211624,126.9202577
1215,은평구청점,서울 은평구 은평로 197,서울 은평구,ediya,37.6016007,126.9296014
1216,은평뉴타운점,서울 은평구 진관3로 70,서울 은평구,ediya,37.6418798,126.9222445
1217,은평이마트점,서울 은평구 은평로 111,서울 은평구,ediya,37.60077709999999,126.9204992
1218,응암역점,서울 은평구 연서로 9,서울 은평구,ediya,37.5998561,126.9154719
1219,응암오거리점,서울 은평구 응암로 211,서울 은평구,ediya,37.5908628,126.9171141
1220,응암중앙점,서울 은평구 응암로 183,서울 은평구,ediya,37.5883944,126.9165713
1221,증산동점,서울 은평구 증산서길 78,서울 은평구,ediya,37.5833382,126.9065476
1222,경복궁역점,서울 종로구 자하문로 7,서울 종로구,ediya,37.5766756,126.9721948
1223,광화문점,서울 종로구 세종대로23길 15,서울 종로구,ediya,37.571457,126.9756366
1224,광화문트윈트리타워점,서울 종로구 율곡로 6,서울 종로구,ediya,37.5754163,126.9801322
1225,낙원동점,서울 종로구 낙원동,서울 종로구,ediya,37.57284569999999,126.9884126
1226,대학로점,서울 종로구 대학로10길 17,서울 종로구,ediya,37.5820564,127.0031655
1227,독립문역점,서울 종로구 통일로 266,서울 종로구,ediya,37.57580600000001,126.9567685
1228,동대문역점,서울 종로구 율곡로 286,서울 종로구,ediya,37.5718229,127.0080338
1229,동묘역점,서울 종로구 종로 354,서울 종로구,ediya,37.5730638,127.016776
1230,방통대점,서울 종로구 대학로 81-1,서울 종로구,ediya,37.5784605,127.0019024
1231,배화여대점,서울 종로구 필운대로1길 35,서울 종로구,ediya,37.5777646,126.967502
1232,북촌마을점,서울 종로구 북촌로5길 39,서울 종로구,ediya,37.5792705,126.982687
1233,삼일빌딩점,서울 종로구 삼일대로15길 13,서울 종로구,ediya,37.5687424,126.9867265
1234,상명대점,서울 종로구 홍지동,서울 종로구,ediya,37.601247,126.9562041
1235,성균관대점,서울 종로구 성균관로 8,서울 종로구,ediya,37.5836183,126.9983225
1236,숭인점,서울 종로구 숭인동길 6,서울 종로구,ediya,37.5752518,127.0215847
1237,신설점,서울 종로구 난계로29길 30,서울 종로구,ediya,37.5741948,127.0214683
1238,종각점,서울 종로구 삼일대로19길 24,서울 종로구,ediya,37.56962,126.9862007
1239,종로3가점,서울 종로구 종로 126,서울 종로구,ediya,37.5700629,126.9915219
1240,종로4가점,서울 종로구 김상옥로 1,서울 종로구,ediya,37.5734546,126.9978915
1241,종로5가점,서울 종로구 대학로 33,서울 종로구,ediya,37.5740221,127.0018054
1242,종로교차로점,서울 종로구 동호로 406-1,서울 종로구,ediya,37.5705613,127.002241
1243,종로구청점,서울 종로구 수송동,서울 종로구,ediya,37.5739802,126.9804234
1244,종로르메이에르점,서울 종로구 종로1가 르메이에르종로타운,서울 종로구,ediya,37.5709593,126.9798759
1245,종로삼일대로점,서울 종로구 삼일대로 390-1,서울 종로구,ediya,37.5694125,126.9879502
1246,종로타워점,서울 종로구 종로 51,서울 종로구,ediya,37.5707075,126.9835766
1247,창덕궁점,서울 종로구 돈화문로 41-1,서울 종로구,ediya,37.5722317,126.9914191
1248,창신동점,서울 종로구 종로 316-1,서울 종로구,ediya,37.5719863,127.0129084
1249,창신중앙점,서울 종로구 지봉로 64,서울 종로구,ediya,37.5756904,127.0158154
1250,탑골공원점,서울 종로구 낙원동,서울 종로구,ediya,37.57284569999999,126.9884126
1251,혜화동로터리점,서울 종로구 혜화로 3-1,서울 종로구,ediya,37.5860305,127.0005638
1252,혜화역점,서울 종로구 창경궁로 258-15,서울 종로구,ediya,37.5835658,127.0006307
1253,IBK본점,서울 중구 을지로 79,서울 중구,ediya,37.5664541,126.9865526
1254,YTN점,서울 중구 세종대로1길 11,서울 중구,ediya,37.5581786,126.9725407
1255,광희동점,서울 중구 마른내로 165-1,서울 중구,ediya,37.5645872,127.006493
1256,다동점,서울 중구 다동길 46,서울 중구,ediya,37.56782159999999,126.9817119
1257,동국대후문점,서울 중구 창경궁로 2,서울 중구,ediya,37.5624822,126.9986871
1258,동대문점,서울 중구 을지로43길 38,서울 중구,ediya,37.5676676,127.0077516
1259,동평화점,서울 중구 청계천로 318,서울 중구,ediya,37.5694218,127.0132185
1260,만리동고개점,서울 중구 만리재로 175,서울 중구,ediya,37.5541807,126.9655288
1261,명동역점,서울 중구 퇴계로 103,서울 중구,ediya,37.5608361,126.9832037
1262,명동중앙점,서울 중구 명동7길 21,서울 중구,ediya,37.5646918,126.9838429
1263,서소문점,서울 중구 서소문로11길 8,서울 중구,ediya,37.5632228,126.973086
1264,서울시청점,서울 중구 세종대로20길 23,서울 중구,ediya,37.5671101,126.9787241
1265,신당점,서울 중구 다산로35길 11,서울 중구,ediya,37.56351799999999,127.0148075
1266,신당중앙점,서울 중구 퇴계로 455,서울 중구,ediya,37.5655464,127.0223081
1267,약수역점,서울 중구 동호로 186-13,서울 중구,ediya,37.5545654,127.0114859
1268,오장동점,서울 중구 마른내로 109-1,서울 중구,ediya,37.5645748,127.0001136
1269,을지로3가점,서울 중구 수표로 45,서울 중구,ediya,37.5652959,126.9895634
1270,정동점,서울 중구 정동길 2-1,서울 중구,ediya,37.5679414,126.9693423
1271,중림점,서울 중구 청파로 464,서울 중구,ediya,37.5607773,126.9682129
1272,청구역점,서울 중구 다산로 181-2,서울 중구,ediya,37.5597511,127.0132283
1273,충무로3가점,서울 중구 퇴계로27길 31,서울 중구,ediya,37.56252509999999,126.9912341
1274,충무로점,서울 중구 퇴계로 188,서울 중구,ediya,37.5607964,126.992541
1275,충무아트홀점,서울 중구 퇴계로 381-1,서울 중구,ediya,37.5652402,127.0139856
1276,충무필동점,서울 중구 퇴계로 218-5,서울 중구,ediya,37.5613417,126.9962643
1277,충정로역점,서울 중구 중림로 10,서울 중구,ediya,37.5581419,126.9652488
1278,태평로점,서울 중구 세종대로11길 26,서울 중구,ediya,37.5623429,126.9744756
1279,퇴계로2길점,서울 중구 퇴계로2길 1,서울 중구,ediya,37.5575233,126.9773972
1280,한국은행점,서울 중구 남대문로 29-2,서울 중구,ediya,37.5614031,126.9789514
1281,황학롯데캐슬점,서울 중구 청계천로 400,서울 중구,ediya,37.5708733,127.0213284
1282,회현SK리더스점,서울 중구 퇴계로 72,서울 중구,ediya,37.5590809,126.9805937
